Date;Commit;Daniel;Everyone else
2000-01-16;10;100.00;0.00
2000-01-31;20;100.00;0.00
2000-02-01;30;100.00;0.00
2000-02-14;40;100.00;0.00
2000-02-15;50;100.00;0.00
2000-02-21;60;100.00;0.00
2000-03-01;70;100.00;0.00
2000-03-02;80;100.00;0.00
2000-03-13;90;100.00;0.00
2000-03-16;100;100.00;0.00
2000-03-19;110;100.00;0.00
2000-03-20;120;100.00;0.00
2000-03-23;130;100.00;0.00
2000-04-04;140;100.00;0.00
2000-04-11;150;100.00;0.00
2000-05-14;160;100.00;0.00
2000-05-22;170;100.00;0.00
2000-05-25;180;100.00;0.00
2000-05-29;190;100.00;0.00
2000-06-02;200;100.00;0.00
2000-06-02;210;100.00;0.00
2000-06-08;220;100.00;0.00
2000-06-09;230;100.00;0.00
2000-06-14;240;100.00;0.00
2000-06-16;250;100.00;0.00
2000-06-20;260;100.00;0.00
2000-07-25;270;100.00;0.00
2000-07-25;280;100.00;0.00
2000-07-28;290;100.00;0.00
2000-07-31;300;100.00;0.00
2000-08-04;310;100.00;0.00
2000-08-15;320;100.00;0.00
2000-08-21;330;100.00;0.00
2000-08-24;340;100.00;0.00
2000-08-30;350;100.00;0.00
2000-09-14;360;100.00;0.00
2000-09-18;370;100.00;0.00
2000-09-21;380;100.00;0.00
2000-09-25;390;100.00;0.00
2000-09-26;400;100.00;0.00
2000-10-02;410;100.00;0.00
2000-10-03;420;100.00;0.00
2000-10-04;430;100.00;0.00
2000-10-09;440;100.00;0.00
2000-10-11;450;100.00;0.00
2000-10-17;460;100.00;0.00
2000-10-26;470;100.00;0.00
2000-10-30;480;100.00;0.00
2000-11-06;490;100.00;0.00
2000-11-07;500;100.00;0.00
2000-11-10;510;100.00;0.00
2000-11-13;520;100.00;0.00
2000-11-13;530;100.00;0.00
2000-11-14;540;100.00;0.00
2000-11-16;550;100.00;0.00
2000-11-17;560;100.00;0.00
2000-11-17;570;100.00;0.00
2000-11-20;580;100.00;0.00
2000-11-21;590;100.00;0.00
2000-11-21;600;100.00;0.00
2000-11-21;610;100.00;0.00
2000-11-22;620;100.00;0.00
2000-11-22;630;100.00;0.00
2000-11-27;640;100.00;0.00
2000-11-27;650;100.00;0.00
2000-11-29;660;100.00;0.00
2000-11-30;670;100.00;0.00
2000-12-07;680;100.00;0.00
2000-12-12;690;100.00;0.00
2000-12-19;700;100.00;0.00
2000-12-30;710;100.00;0.00
2001-01-04;720;100.00;0.00
2001-01-05;730;100.00;0.00
2001-01-08;740;100.00;0.00
2001-01-08;750;100.00;0.00
2001-01-09;760;100.00;0.00
2001-01-11;770;100.00;0.00
2001-01-17;780;100.00;0.00
2001-01-19;790;100.00;0.00
2001-01-22;800;100.00;0.00
2001-01-24;810;100.00;0.00
2001-01-25;820;100.00;0.00
2001-01-26;830;100.00;0.00
2001-01-27;840;100.00;0.00
2001-01-29;850;100.00;0.00
2001-02-01;860;100.00;0.00
2001-02-05;870;100.00;0.00
2001-02-08;880;100.00;0.00
2001-02-13;890;100.00;0.00
2001-02-19;900;100.00;0.00
2001-02-20;910;100.00;0.00
2001-03-02;920;100.00;0.00
2001-03-04;930;100.00;0.00
2001-03-05;940;100.00;0.00
2001-03-07;950;100.00;0.00
2001-03-08;960;100.00;0.00
2001-03-09;970;100.00;0.00
2001-03-09;980;100.00;0.00
2001-03-12;990;100.00;0.00
2001-03-12;1000;100.00;0.00
2001-03-12;1010;100.00;0.00
2001-03-13;1020;100.00;0.00
2001-03-13;1030;100.00;0.00
2001-03-14;1040;100.00;0.00
2001-03-14;1050;100.00;0.00
2001-03-14;1060;100.00;0.00
2001-03-15;1070;100.00;0.00
2001-03-16;1080;100.00;0.00
2001-03-16;1090;100.00;0.00
2001-03-22;1100;100.00;0.00
2001-03-22;1110;100.00;0.00
2001-03-23;1120;100.00;0.00
2001-03-27;1130;100.00;0.00
2001-03-30;1140;100.00;0.00
2001-04-07;1150;100.00;0.00
2001-04-10;1160;100.00;0.00
2001-04-12;1170;100.00;0.00
2001-04-18;1180;100.00;0.00
2001-04-19;1190;100.00;0.00
2001-04-22;1200;100.00;0.00
2001-04-23;1210;100.00;0.00
2001-04-23;1220;100.00;0.00
2001-04-25;1230;100.00;0.00
2001-05-03;1240;100.00;0.00
2001-05-07;1250;100.00;0.00
2001-05-10;1260;100.00;0.00
2001-05-12;1270;100.00;0.00
2001-05-15;1280;100.00;0.00
2001-05-18;1290;100.00;0.00
2001-05-22;1300;100.00;0.00
2001-05-28;1310;100.00;0.00
2001-05-28;1320;100.00;0.00
2001-05-29;1330;100.00;0.00
2001-05-29;1340;100.00;0.00
2001-05-30;1350;99.93;0.07
2001-05-31;1360;99.93;0.07
2001-05-31;1370;99.64;0.36
2001-06-01;1380;99.28;0.72
2001-06-07;1390;99.21;0.79
2001-06-14;1400;99.21;0.79
2001-06-21;1410;99.22;0.78
2001-06-29;1420;99.23;0.77
2001-08-02;1430;99.09;0.91
2001-08-03;1440;99.03;0.97
2001-08-06;1450;99.03;0.97
2001-08-06;1460;99.04;0.96
2001-08-07;1470;99.05;0.95
2001-08-08;1480;99.05;0.95
2001-08-09;1490;99.06;0.94
2001-08-14;1500;99.00;1.00
2001-08-14;1510;99.01;0.99
2001-08-14;1520;99.01;0.99
2001-08-14;1530;99.02;0.98
2001-08-15;1540;98.96;1.04
2001-08-15;1550;98.71;1.29
2001-08-15;1560;98.72;1.28
2001-08-17;1570;98.73;1.27
2001-08-20;1580;98.67;1.33
2001-08-21;1590;98.68;1.32
2001-08-23;1600;98.69;1.31
2001-08-24;1610;98.70;1.30
2001-08-28;1620;98.64;1.36
2001-08-29;1630;98.65;1.35
2001-08-30;1640;98.66;1.34
2001-09-03;1650;98.67;1.33
2001-09-06;1660;98.61;1.39
2001-09-10;1670;98.44;1.56
2001-09-11;1680;98.45;1.55
2001-09-12;1690;98.46;1.54
2001-09-13;1700;98.35;1.65
2001-09-17;1710;98.36;1.64
2001-09-18;1720;98.37;1.63
2001-09-23;1730;98.32;1.68
2001-09-26;1740;98.33;1.67
2001-10-01;1750;98.34;1.66
2001-10-01;1760;98.35;1.65
2001-10-02;1770;98.36;1.64
2001-10-03;1780;98.37;1.63
2001-10-05;1790;98.21;1.79
2001-10-09;1800;98.22;1.78
2001-10-11;1810;98.23;1.77
2001-10-17;1820;98.19;1.81
2001-10-22;1830;98.20;1.80
2001-10-24;1840;98.21;1.79
2001-10-29;1850;98.22;1.78
2001-10-30;1860;98.23;1.77
2001-10-31;1870;98.24;1.76
2001-11-01;1880;98.24;1.76
2001-11-02;1890;98.25;1.75
2001-11-05;1900;98.26;1.74
2001-11-06;1910;98.27;1.73
2001-11-12;1920;98.28;1.72
2001-11-13;1930;98.29;1.71
2001-11-16;1940;98.25;1.75
2001-11-21;1950;98.26;1.74
2001-11-22;1960;98.16;1.84
2001-11-27;1970;98.17;1.83
2001-11-28;1980;98.18;1.82
2001-11-29;1990;98.19;1.81
2001-11-29;2000;98.20;1.80
2001-12-03;2010;98.21;1.79
2001-12-04;2020;98.22;1.78
2001-12-06;2030;98.23;1.77
2001-12-11;2040;98.19;1.81
2001-12-20;2050;98.20;1.80
2002-01-03;2060;98.20;1.80
2002-01-04;2070;98.21;1.79
2002-01-07;2080;98.12;1.88
2002-01-07;2090;98.04;1.96
2002-01-08;2100;97.95;2.05
2002-01-10;2110;97.96;2.04
2002-01-16;2120;97.92;2.08
2002-01-16;2130;97.93;2.07
2002-01-17;2140;97.85;2.15
2002-01-18;2150;97.86;2.14
2002-01-21;2160;97.87;2.13
2002-01-25;2170;97.88;2.12
2002-01-29;2180;97.89;2.11
2002-01-30;2190;97.90;2.10
2002-01-31;2200;97.91;2.09
2002-02-06;2210;97.92;2.08
2002-02-07;2220;97.93;2.07
2002-02-18;2230;97.94;2.06
2002-02-19;2240;97.95;2.05
2002-02-20;2250;97.96;2.04
2002-02-22;2260;97.96;2.04
2002-02-25;2270;97.97;2.03
2002-02-25;2280;97.98;2.02
2002-02-27;2290;97.99;2.01
2002-02-28;2300;98.00;2.00
2002-03-04;2310;98.01;1.99
2002-03-04;2320;98.02;1.98
2002-03-06;2330;98.03;1.97
2002-03-11;2340;98.03;1.97
2002-03-13;2350;98.04;1.96
2002-03-15;2360;98.05;1.95
2002-03-18;2370;98.06;1.94
2002-03-19;2380;98.07;1.93
2002-03-19;2390;98.08;1.92
2002-03-25;2400;98.08;1.92
2002-04-04;2410;98.09;1.91
2002-04-08;2420;98.10;1.90
2002-04-10;2430;98.11;1.89
2002-04-12;2440;98.11;1.89
2002-04-12;2450;98.12;1.88
2002-04-17;2460;98.05;1.95
2002-04-23;2470;98.02;1.98
2002-04-25;2480;98.02;1.98
2002-04-27;2490;98.03;1.97
2002-05-02;2500;98.04;1.96
2002-05-03;2510;98.05;1.95
2002-05-06;2520;98.06;1.94
2002-05-12;2530;98.06;1.94
2002-05-21;2540;98.07;1.93
2002-05-21;2550;98.08;1.92
2002-05-28;2560;98.09;1.91
2002-06-05;2570;98.09;1.91
2002-06-11;2580;98.10;1.90
2002-06-11;2590;98.11;1.89
2002-06-12;2600;98.12;1.88
2002-06-14;2610;98.12;1.88
2002-06-24;2620;98.13;1.87
2002-07-29;2630;98.14;1.86
2002-07-30;2640;98.14;1.86
2002-08-05;2650;98.11;1.89
2002-08-08;2660;98.12;1.88
2002-08-12;2670;98.13;1.87
2002-08-13;2680;98.13;1.87
2002-08-22;2690;98.14;1.86
2002-08-26;2700;98.15;1.85
2002-08-30;2710;98.15;1.85
2002-09-02;2720;98.16;1.84
2002-09-03;2730;98.17;1.83
2002-09-09;2740;98.03;1.97
2002-09-13;2750;98.04;1.96
2002-09-23;2760;98.04;1.96
2002-09-25;2770;98.05;1.95
2002-09-27;2780;98.06;1.94
2002-10-04;2790;98.06;1.94
2002-10-08;2800;98.07;1.93
2002-10-11;2810;98.08;1.92
2002-10-14;2820;98.09;1.91
2002-10-21;2830;98.09;1.91
2002-10-23;2840;98.10;1.90
2002-10-28;2850;98.11;1.89
2002-11-06;2860;98.11;1.89
2002-11-11;2870;98.12;1.88
2002-11-15;2880;98.12;1.88
2002-11-22;2890;98.13;1.87
2002-11-28;2900;98.10;1.90
2002-12-02;2910;98.11;1.89
2002-12-03;2920;98.12;1.88
2002-12-05;2930;98.12;1.88
2002-12-10;2940;98.13;1.87
2002-12-12;2950;98.14;1.86
2002-12-13;2960;98.14;1.86
2002-12-13;2970;98.15;1.85
2002-12-16;2980;98.15;1.85
2002-12-20;2990;98.16;1.84
2003-01-07;3000;98.13;1.87
2003-01-08;3010;98.11;1.89
2003-01-09;3020;98.11;1.89
2003-01-09;3030;98.12;1.88
2003-01-16;3040;98.12;1.88
2003-01-20;3050;98.13;1.87
2003-01-21;3060;98.14;1.86
2003-01-22;3070;98.14;1.86
2003-01-24;3080;98.15;1.85
2003-01-29;3090;98.16;1.84
2003-01-30;3100;98.16;1.84
2003-02-04;3110;98.17;1.83
2003-02-14;3120;98.14;1.86
2003-02-24;3130;98.15;1.85
2003-02-26;3140;98.15;1.85
2003-02-28;3150;98.16;1.84
2003-03-03;3160;98.16;1.84
2003-03-10;3170;98.17;1.83
2003-03-12;3180;98.18;1.82
2003-03-12;3190;98.18;1.82
2003-03-15;3200;98.19;1.81
2003-03-15;3210;98.19;1.81
2003-03-19;3220;98.20;1.80
2003-03-25;3230;98.20;1.80
2003-03-31;3240;98.21;1.79
2003-03-31;3250;98.18;1.82
2003-04-03;3260;98.19;1.81
2003-04-08;3270;98.20;1.80
2003-04-11;3280;98.20;1.80
2003-04-11;3290;98.21;1.79
2003-04-15;3300;98.21;1.79
2003-04-22;3310;98.22;1.78
2003-04-30;3320;98.22;1.78
2003-04-30;3330;98.23;1.77
2003-05-01;3340;98.23;1.77
2003-05-06;3350;98.24;1.76
2003-05-12;3360;98.24;1.76
2003-05-13;3370;98.25;1.75
2003-05-19;3380;98.25;1.75
2003-05-21;3390;98.26;1.74
2003-05-22;3400;98.26;1.74
2003-05-23;3410;98.27;1.73
2003-05-27;3420;98.27;1.73
2003-06-02;3430;98.28;1.72
2003-06-03;3440;98.28;1.72
2003-06-10;3450;98.29;1.71
2003-06-11;3460;98.29;1.71
2003-06-12;3470;98.30;1.70
2003-06-13;3480;98.30;1.70
2003-06-26;3490;98.31;1.69
2003-06-26;3500;98.31;1.69
2003-06-26;3510;98.32;1.68
2003-06-27;3520;98.27;1.73
2003-07-04;3530;98.27;1.73
2003-07-15;3540;98.28;1.72
2003-07-20;3550;98.28;1.72
2003-07-22;3560;98.29;1.71
2003-07-23;3570;98.29;1.71
2003-07-28;3580;98.30;1.70
2003-07-30;3590;98.30;1.70
2003-08-02;3600;98.31;1.69
2003-08-05;3610;98.31;1.69
2003-08-06;3620;98.31;1.69
2003-08-06;3630;98.32;1.68
2003-08-08;3640;98.32;1.68
2003-08-08;3650;98.33;1.67
2003-08-11;3660;98.33;1.67
2003-08-11;3670;98.34;1.66
2003-08-11;3680;98.34;1.66
2003-08-11;3690;98.35;1.65
2003-08-12;3700;98.35;1.65
2003-08-14;3710;98.36;1.64
2003-08-14;3720;98.36;1.64
2003-08-17;3730;98.36;1.64
2003-08-19;3740;98.37;1.63
2003-08-20;3750;98.37;1.63
2003-08-24;3760;98.38;1.62
2003-09-01;3770;98.38;1.62
2003-09-03;3780;98.39;1.61
2003-09-05;3790;98.39;1.61
2003-09-11;3800;98.39;1.61
2003-09-15;3810;98.40;1.60
2003-09-19;3820;98.40;1.60
2003-09-22;3830;98.41;1.59
2003-10-04;3840;98.41;1.59
2003-10-05;3850;98.42;1.58
2003-10-07;3860;98.42;1.58
2003-10-08;3870;98.42;1.58
2003-10-09;3880;98.43;1.57
2003-10-14;3890;98.43;1.57
2003-10-16;3900;98.44;1.56
2003-10-17;3910;98.44;1.56
2003-10-17;3920;98.44;1.56
2003-10-18;3930;98.45;1.55
2003-10-20;3940;98.45;1.55
2003-10-22;3950;98.46;1.54
2003-10-24;3960;98.46;1.54
2003-10-24;3970;98.46;1.54
2003-10-24;3980;98.47;1.53
2003-10-29;3990;98.47;1.53
2003-10-30;4000;98.47;1.52
2003-10-30;4010;98.48;1.52
2003-10-31;4020;98.48;1.52
2003-11-04;4030;98.49;1.51
2003-11-06;4040;98.49;1.51
2003-11-06;4050;98.49;1.51
2003-11-07;4060;98.50;1.50
2003-11-12;4070;98.50;1.50
2003-11-15;4080;98.50;1.50
2003-11-20;4090;98.51;1.49
2003-11-24;4100;98.51;1.49
2003-11-25;4110;98.52;1.48
2003-11-30;4120;98.52;1.48
2003-12-02;4130;98.52;1.48
2003-12-03;4140;98.53;1.47
2003-12-08;4150;98.53;1.47
2003-12-10;4160;98.53;1.47
2003-12-10;4170;98.54;1.46
2003-12-11;4180;98.54;1.46
2003-12-15;4190;98.54;1.46
2003-12-18;4200;98.55;1.45
2003-12-22;4210;98.55;1.45
2004-01-04;4220;98.55;1.45
2004-01-05;4230;98.56;1.44
2004-01-07;4240;98.56;1.44
2004-01-11;4250;98.56;1.44
2004-01-12;4260;98.57;1.43
2004-01-13;4270;98.57;1.43
2004-01-13;4280;98.57;1.43
2004-01-15;4290;98.58;1.42
2004-01-16;4300;98.58;1.42
2004-01-21;4310;98.58;1.42
2004-01-22;4320;98.59;1.41
2004-01-22;4330;98.59;1.41
2004-01-23;4340;98.59;1.41
2004-01-27;4350;98.60;1.40
2004-01-29;4360;98.60;1.40
2004-01-29;4370;98.60;1.40
2004-01-29;4380;98.61;1.39
2004-01-30;4390;98.61;1.39
2004-02-02;4400;98.61;1.39
2004-02-02;4410;98.62;1.38
2004-02-03;4420;98.62;1.38
2004-02-04;4430;98.62;1.38
2004-02-04;4440;98.63;1.37
2004-02-05;4450;98.63;1.37
2004-02-05;4460;98.63;1.37
2004-02-06;4470;98.64;1.36
2004-02-09;4480;98.64;1.36
2004-02-11;4490;98.64;1.36
2004-02-12;4500;98.64;1.36
2004-02-13;4510;98.65;1.35
2004-02-15;4520;98.65;1.35
2004-02-16;4530;98.65;1.35
2004-02-17;4540;98.66;1.34
2004-02-18;4550;98.66;1.34
2004-02-19;4560;98.66;1.34
2004-02-19;4570;98.67;1.33
2004-02-20;4580;98.67;1.33
2004-02-21;4590;98.67;1.33
2004-02-23;4600;98.67;1.33
2004-02-23;4610;98.68;1.32
2004-02-23;4620;98.68;1.32
2004-02-25;4630;98.68;1.32
2004-02-26;4640;98.69;1.31
2004-02-26;4650;98.69;1.31
2004-02-27;4660;98.69;1.31
2004-02-27;4670;98.69;1.31
2004-03-01;4680;98.70;1.30
2004-03-01;4690;98.70;1.30
2004-03-01;4700;98.70;1.30
2004-03-02;4710;98.70;1.30
2004-03-03;4720;98.71;1.29
2004-03-04;4730;98.71;1.29
2004-03-05;4740;98.71;1.29
2004-03-08;4750;98.72;1.28
2004-03-08;4760;98.72;1.28
2004-03-09;4770;98.72;1.28
2004-03-09;4780;98.72;1.28
2004-03-10;4790;98.73;1.27
2004-03-10;4800;98.73;1.27
2004-03-12;4810;98.73;1.27
2004-03-15;4820;98.73;1.27
2004-03-15;4830;98.74;1.26
2004-03-15;4840;98.74;1.26
2004-03-17;4850;98.74;1.26
2004-03-21;4860;98.74;1.26
2004-03-22;4870;98.75;1.25
2004-03-23;4880;98.75;1.25
2004-03-23;4890;98.75;1.25
2004-03-23;4900;98.76;1.24
2004-03-24;4910;98.76;1.24
2004-03-25;4920;98.76;1.24
2004-03-26;4930;98.76;1.24
2004-03-29;4940;98.77;1.23
2004-03-30;4950;98.77;1.23
2004-03-30;4960;98.77;1.23
2004-03-31;4970;98.77;1.23
2004-03-31;4980;98.78;1.22
2004-04-01;4990;98.78;1.22
2004-04-06;5000;98.78;1.22
2004-04-06;5010;98.78;1.22
2004-04-07;5020;98.78;1.22
2004-04-13;5030;98.79;1.21
2004-04-13;5040;98.79;1.21
2004-04-14;5050;98.79;1.21
2004-04-16;5060;98.79;1.21
2004-04-20;5070;98.80;1.20
2004-04-21;5080;98.80;1.20
2004-04-22;5090;98.80;1.20
2004-04-23;5100;98.80;1.20
2004-04-26;5110;98.81;1.19
2004-04-26;5120;98.81;1.19
2004-04-26;5130;98.81;1.19
2004-04-26;5140;98.81;1.19
2004-04-27;5150;98.82;1.18
2004-04-29;5160;98.82;1.18
2004-04-29;5170;98.82;1.18
2004-04-30;5180;98.82;1.18
2004-05-03;5190;98.82;1.18
2004-05-04;5200;98.83;1.17
2004-05-05;5210;98.83;1.17
2004-05-05;5220;98.83;1.17
2004-05-06;5230;98.83;1.17
2004-05-06;5240;98.84;1.16
2004-05-07;5250;98.84;1.16
2004-05-10;5260;98.84;1.16
2004-05-10;5270;98.84;1.16
2004-05-11;5280;98.84;1.16
2004-05-12;5290;98.85;1.15
2004-05-12;5300;98.85;1.15
2004-05-13;5310;98.85;1.15
2004-05-13;5320;98.85;1.15
2004-05-17;5330;98.86;1.14
2004-05-17;5340;98.86;1.14
2004-05-18;5350;98.86;1.14
2004-05-20;5360;98.86;1.14
2004-05-24;5370;98.86;1.14
2004-05-25;5380;98.87;1.13
2004-05-26;5390;98.87;1.13
2004-05-27;5400;98.87;1.13
2004-06-02;5410;98.87;1.13
2004-06-03;5420;98.87;1.13
2004-06-03;5430;98.88;1.12
2004-06-07;5440;98.88;1.12
2004-06-08;5450;98.83;1.17
2004-06-09;5460;98.79;1.21
2004-06-10;5470;98.72;1.28
2004-06-11;5480;98.56;1.44
2004-06-14;5490;98.56;1.44
2004-06-17;5500;98.56;1.44
2004-06-21;5510;98.57;1.43
2004-06-21;5520;98.57;1.43
2004-06-22;5530;98.57;1.43
2004-06-22;5540;98.48;1.52
2004-06-24;5550;98.49;1.51
2004-06-24;5560;98.47;1.53
2004-06-27;5570;98.47;1.53
2004-06-29;5580;98.46;1.54
2004-06-30;5590;98.46;1.54
2004-07-01;5600;98.46;1.54
2004-07-02;5610;98.47;1.53
2004-07-03;5620;98.42;1.58
2004-07-04;5630;98.28;1.72
2004-07-04;5640;98.24;1.76
2004-07-05;5650;98.09;1.91
2004-07-06;5660;97.95;2.05
2004-07-11;5670;97.81;2.19
2004-07-14;5680;97.66;2.34
2004-07-15;5690;97.56;2.44
2004-07-17;5700;97.44;2.56
2004-07-24;5710;97.44;2.56
2004-07-26;5720;97.45;2.55
2004-07-29;5730;97.45;2.55
2004-07-31;5740;97.46;2.54
2004-08-09;5750;97.46;2.54
2004-08-10;5760;97.47;2.53
2004-08-11;5770;97.47;2.53
2004-08-12;5780;97.47;2.53
2004-08-16;5790;97.46;2.54
2004-08-17;5800;97.43;2.57
2004-08-19;5810;97.40;2.60
2004-08-23;5820;97.34;2.66
2004-08-24;5830;97.34;2.66
2004-08-30;5840;97.33;2.67
2004-09-01;5850;97.33;2.67
2004-09-10;5860;97.32;2.68
2004-09-13;5870;97.33;2.67
2004-09-15;5880;97.33;2.67
2004-09-19;5890;97.33;2.67
2004-09-26;5900;97.32;2.68
2004-09-30;5910;97.33;2.67
2004-10-01;5920;97.33;2.67
2004-10-03;5930;97.34;2.66
2004-10-05;5940;97.34;2.66
2004-10-06;5950;97.31;2.69
2004-10-08;5960;97.27;2.73
2004-10-10;5970;97.25;2.75
2004-10-13;5980;97.24;2.76
2004-10-17;5990;97.20;2.80
2004-10-19;6000;97.17;2.83
2004-10-25;6010;97.17;2.83
2004-10-28;6020;97.18;2.82
2004-11-04;6030;97.15;2.85
2004-11-08;6040;97.14;2.86
2004-11-09;6050;97.06;2.94
2004-11-11;6060;97.01;2.99
2004-11-12;6070;97.02;2.98
2004-11-14;6080;96.88;3.12
2004-11-15;6090;96.80;3.20
2004-11-19;6100;96.75;3.25
2004-11-22;6110;96.73;3.27
2004-11-23;6120;96.73;3.27
2004-11-25;6130;96.70;3.30
2004-11-28;6140;96.66;3.34
2004-11-29;6150;96.67;3.33
2004-11-30;6160;96.67;3.33
2004-12-03;6170;96.65;3.35
2004-12-07;6180;96.62;3.38
2004-12-09;6190;96.62;3.38
2004-12-10;6200;96.63;3.37
2004-12-12;6210;96.62;3.38
2004-12-13;6220;96.54;3.46
2004-12-14;6230;96.44;3.56
2004-12-15;6240;96.39;3.61
2004-12-16;6250;96.35;3.65
2004-12-17;6260;96.33;3.67
2004-12-17;6270;96.17;3.83
2004-12-19;6280;96.15;3.85
2004-12-21;6290;96.10;3.90
2004-12-22;6300;96.10;3.90
2004-12-25;6310;96.09;3.91
2005-01-04;6320;96.04;3.96
2005-01-08;6330;96.00;4.00
2005-01-11;6340;95.95;4.05
2005-01-14;6350;95.89;4.11
2005-01-18;6360;95.88;4.12
2005-01-20;6370;95.87;4.13
2005-01-25;6380;95.88;4.12
2005-01-26;6390;95.88;4.12
2005-01-28;6400;95.89;4.11
2005-01-30;6410;95.90;4.10
2005-02-02;6420;95.90;4.10
2005-02-08;6430;95.85;4.15
2005-02-09;6440;95.79;4.21
2005-02-10;6450;95.77;4.23
2005-02-11;6460;95.70;4.30
2005-02-18;6470;95.67;4.33
2005-03-03;6480;95.65;4.35
2005-03-04;6490;95.64;4.36
2005-03-08;6500;95.58;4.42
2005-03-11;6510;95.58;4.42
2005-03-11;6520;95.52;4.48
2005-03-13;6530;95.48;4.52
2005-03-14;6540;95.47;4.53
2005-03-15;6550;95.44;4.56
2005-03-17;6560;95.37;4.63
2005-03-17;6570;95.34;4.66
2005-03-20;6580;95.32;4.68
2005-03-22;6590;95.28;4.72
2005-03-29;6600;95.29;4.71
2005-03-31;6610;95.30;4.70
2005-04-05;6620;95.29;4.71
2005-04-05;6630;95.28;4.72
2005-04-07;6640;95.24;4.76
2005-04-07;6650;95.25;4.75
2005-04-08;6660;95.21;4.79
2005-04-09;6670;95.13;4.87
2005-04-13;6680;95.12;4.88
2005-04-15;6690;95.10;4.90
2005-04-17;6700;95.10;4.90
2005-04-18;6710;95.11;4.89
2005-04-19;6720;95.12;4.88
2005-04-22;6730;95.10;4.90
2005-04-23;6740;95.09;4.91
2005-04-27;6750;95.10;4.90
2005-04-28;6760;95.10;4.90
2005-04-28;6770;95.11;4.89
2005-05-01;6780;95.12;4.88
2005-05-02;6790;95.13;4.87
2005-05-03;6800;95.13;4.87
2005-05-06;6810;95.14;4.86
2005-05-09;6820;95.15;4.85
2005-05-10;6830;95.15;4.85
2005-05-12;6840;95.16;4.84
2005-05-14;6850;95.15;4.85
2005-05-16;6860;95.07;4.93
2005-05-17;6870;95.01;4.99
2005-05-18;6880;95.01;4.99
2005-05-20;6890;95.02;4.98
2005-05-24;6900;95.03;4.97
2005-05-25;6910;95.04;4.96
2005-06-02;6920;95.04;4.96
2005-06-13;6930;95.05;4.95
2005-06-22;6940;95.03;4.97
2005-07-04;6950;95.02;4.98
2005-07-13;6960;95.01;4.99
2005-07-27;6970;94.96;5.04
2005-08-01;6980;94.96;5.04
2005-08-10;6990;94.94;5.06
2005-08-11;7000;94.86;5.14
2005-08-16;7010;94.85;5.15
2005-08-18;7020;94.84;5.16
2005-08-19;7030;94.82;5.18
2005-08-24;7040;94.82;5.18
2005-08-29;7050;94.82;5.18
2005-09-01;7060;94.82;5.18
2005-09-04;7070;94.82;5.18
2005-09-06;7080;94.82;5.18
2005-09-12;7090;94.80;5.20
2005-09-15;7100;94.80;5.20
2005-09-18;7110;94.80;5.20
2005-09-21;7120;94.80;5.20
2005-09-27;7130;94.81;5.19
2005-10-04;7140;94.79;5.21
2005-10-10;7150;94.78;5.22
2005-10-14;7160;94.79;5.21
2005-10-21;7170;94.78;5.22
2005-10-27;7180;94.76;5.24
2005-11-01;7190;94.76;5.24
2005-11-09;7200;94.74;5.26
2005-11-10;7210;94.62;5.38
2005-11-10;7220;94.57;5.43
2005-11-12;7230;94.51;5.49
2005-11-13;7240;94.46;5.54
2005-11-14;7250;94.43;5.57
2005-11-18;7260;94.41;5.59
2005-11-24;7270;94.40;5.60
2005-11-28;7280;94.41;5.59
2005-12-05;7290;94.40;5.60
2005-12-06;7300;94.40;5.60
2005-12-09;7310;94.31;5.69
2005-12-11;7320;94.23;5.77
2005-12-14;7330;94.16;5.84
2005-12-16;7340;94.05;5.95
2005-12-17;7350;93.93;6.07
2005-12-19;7360;93.80;6.20
2005-12-20;7370;93.69;6.31
2005-12-20;7380;93.62;6.38
2005-12-22;7390;93.56;6.44
2005-12-30;7400;93.53;6.47
2006-01-02;7410;93.43;6.57
2006-01-03;7420;93.44;6.56
2006-01-05;7430;93.43;6.57
2006-01-10;7440;93.44;6.56
2006-01-17;7450;93.45;6.55
2006-01-26;7460;93.45;6.55
2006-02-01;7470;93.44;6.56
2006-02-15;7480;93.45;6.55
2006-02-21;7490;93.43;6.57
2006-02-24;7500;93.39;6.61
2006-02-28;7510;93.34;6.66
2006-03-06;7520;93.35;6.65
2006-03-16;7530;93.36;6.64
2006-03-20;7540;93.36;6.64
2006-03-28;7550;93.35;6.65
2006-04-09;7560;93.33;6.67
2006-04-10;7570;93.34;6.66
2006-04-10;7580;93.35;6.65
2006-04-18;7590;93.31;6.69
2006-04-20;7600;93.30;6.70
2006-04-25;7610;93.31;6.69
2006-05-02;7620;93.24;6.76
2006-05-07;7630;93.25;6.75
2006-05-10;7640;93.25;6.75
2006-05-11;7650;93.25;6.75
2006-05-24;7660;93.26;6.74
2006-05-28;7670;93.27;6.73
2006-06-09;7680;93.28;6.72
2006-06-15;7690;93.25;6.75
2006-06-24;7700;93.23;6.77
2006-06-28;7710;93.22;6.78
2006-07-01;7720;93.13;6.87
2006-07-04;7730;93.03;6.97
2006-07-06;7740;92.91;7.09
2006-07-07;7750;92.80;7.20
2006-07-08;7760;92.80;7.20
2006-07-12;7770;92.68;7.32
2006-07-13;7780;92.56;7.44
2006-07-17;7790;92.46;7.54
2006-07-19;7800;92.36;7.64
2006-07-21;7810;92.25;7.75
2006-07-24;7820;92.15;7.85
2006-07-25;7830;92.04;7.96
2006-07-27;7840;92.00;8.00
2006-07-30;7850;91.95;8.05
2006-08-02;7860;91.91;8.09
2006-08-04;7870;91.86;8.14
2006-08-06;7880;91.75;8.25
2006-08-08;7890;91.72;8.28
2006-08-14;7900;91.65;8.35
2006-08-22;7910;91.61;8.39
2006-08-29;7920;91.57;8.43
2006-08-30;7930;91.45;8.55
2006-09-04;7940;91.41;8.59
2006-09-08;7950;91.38;8.62
2006-09-09;7960;91.33;8.67
2006-09-11;7970;91.27;8.73
2006-09-12;7980;91.27;8.73
2006-09-16;7990;91.21;8.79
2006-09-23;8000;91.21;8.79
2006-09-24;8010;91.22;8.78
2006-09-28;8020;91.18;8.82
2006-10-08;8030;91.18;8.82
2006-10-09;8040;91.17;8.83
2006-10-12;8050;91.13;8.87
2006-10-13;8060;91.13;8.87
2006-10-15;8070;91.07;8.93
2006-10-17;8080;91.04;8.96
2006-10-18;8090;91.00;9.00
2006-10-19;8100;90.93;9.07
2006-10-21;8110;90.85;9.15
2006-10-23;8120;90.80;9.20
2006-10-25;8130;90.74;9.26
2006-10-27;8140;90.65;9.35
2006-10-29;8150;90.56;9.44
2006-10-31;8160;90.51;9.49
2006-11-01;8170;90.40;9.60
2006-11-02;8180;90.33;9.67
2006-11-03;8190;90.28;9.72
2006-11-06;8200;90.22;9.78
2006-11-09;8210;90.18;9.82
2006-11-17;8220;90.16;9.84
2006-11-20;8230;90.09;9.91
2006-11-25;8240;90.02;9.98
2006-12-01;8250;90.04;9.96
2006-12-05;8260;90.05;9.95
2006-12-11;8270;90.06;9.94
2006-12-19;8280;90.02;9.98
2006-12-29;8290;90.04;9.96
2007-01-05;8300;90.04;9.96
2007-01-13;8310;89.98;10.02
2007-01-17;8320;89.94;10.06
2007-01-23;8330;89.86;10.14
2007-01-25;8340;89.82;10.18
2007-01-26;8350;89.76;10.24
2007-01-26;8360;89.65;10.35
2007-01-28;8370;89.57;10.43
2007-01-29;8380;89.52;10.48
2007-01-30;8390;89.46;10.54
2007-02-02;8400;89.37;10.63
2007-02-02;8410;89.29;10.71
2007-02-05;8420;89.22;10.78
2007-02-06;8430;89.15;10.85
2007-02-08;8440;89.05;10.95
2007-02-12;8450;89.02;10.98
2007-02-13;8460;88.97;11.03
2007-02-14;8470;88.89;11.11
2007-02-15;8480;88.79;11.21
2007-02-17;8490;88.70;11.30
2007-02-18;8500;88.60;11.40
2007-02-19;8510;88.57;11.43
2007-02-20;8520;88.47;11.53
2007-02-21;8530;88.37;11.63
2007-02-22;8540;88.30;11.70
2007-02-26;8550;88.25;11.75
2007-02-27;8560;88.18;11.82
2007-03-02;8570;88.12;11.88
2007-03-07;8580;88.02;11.98
2007-03-09;8590;87.95;12.05
2007-03-12;8600;87.93;12.07
2007-03-15;8610;87.85;12.15
2007-03-18;8620;87.80;12.20
2007-03-21;8630;87.74;12.26
2007-03-23;8640;87.65;12.35
2007-03-24;8650;87.57;12.43
2007-03-26;8660;87.53;12.47
2007-03-27;8670;87.43;12.57
2007-03-28;8680;87.33;12.67
2007-03-29;8690;87.23;12.77
2007-03-30;8700;87.17;12.83
2007-03-31;8710;87.14;12.86
2007-03-31;8720;87.16;12.84
2007-04-02;8730;87.09;12.91
2007-04-03;8740;86.99;13.01
2007-04-04;8750;86.91;13.09
2007-04-05;8760;86.82;13.18
2007-04-08;8770;86.74;13.26
2007-04-10;8780;86.66;13.34
2007-04-12;8790;86.62;13.38
2007-04-13;8800;86.56;13.44
2007-04-16;8810;86.48;13.52
2007-04-18;8820;86.42;13.58
2007-04-21;8830;86.36;13.64
2007-04-23;8840;86.35;13.65
2007-04-25;8850;86.27;13.73
2007-04-30;8860;86.25;13.75
2007-05-02;8870;86.21;13.79
2007-05-09;8880;86.18;13.82
2007-05-18;8890;86.13;13.87
2007-05-25;8900;86.15;13.85
2007-05-30;8910;86.15;13.85
2007-06-02;8920;86.17;13.83
2007-06-05;8930;86.18;13.82
2007-06-08;8940;86.14;13.86
2007-06-11;8950;86.07;13.93
2007-06-12;8960;86.02;13.98
2007-06-14;8970;85.95;14.05
2007-06-18;8980;85.95;14.05
2007-06-22;8990;85.91;14.09
2007-06-26;9000;85.90;14.10
2007-06-30;9010;85.84;14.16
2007-07-01;9020;85.75;14.25
2007-07-03;9030;85.69;14.31
2007-07-05;9040;85.60;14.40
2007-07-10;9050;85.55;14.45
2007-07-11;9060;85.49;14.51
2007-07-12;9070;85.40;14.60
2007-07-13;9080;85.40;14.60
2007-07-14;9090;85.39;14.61
2007-07-18;9100;85.36;14.64
2007-07-20;9110;85.31;14.69
2007-07-22;9120;85.29;14.71
2007-07-29;9130;85.26;14.74
2007-07-30;9140;85.25;14.75
2007-08-03;9150;85.26;14.74
2007-08-04;9160;85.17;14.83
2007-08-07;9170;85.15;14.85
2007-08-09;9180;85.08;14.92
2007-08-13;9190;85.03;14.97
2007-08-15;9200;84.96;15.04
2007-08-17;9210;84.93;15.07
2007-08-20;9220;84.86;15.14
2007-08-22;9230;84.80;15.20
2007-08-23;9240;84.78;15.22
2007-08-24;9250;84.70;15.30
2007-08-30;9260;84.62;15.38
2007-09-05;9270;84.55;15.45
2007-09-11;9280;84.54;15.46
2007-09-13;9290;84.52;15.48
2007-09-15;9300;84.48;15.52
2007-09-18;9310;84.40;15.60
2007-09-20;9320;84.40;15.60
2007-09-25;9330;84.41;15.59
2007-09-27;9340;84.37;15.63
2007-09-28;9350;84.30;15.70
2007-09-29;9360;84.25;15.75
2007-09-29;9370;84.17;15.83
2007-10-01;9380;84.12;15.88
2007-10-02;9390;84.09;15.91
2007-10-03;9400;84.06;15.94
2007-10-04;9410;84.01;15.99
2007-10-05;9420;83.98;16.02
2007-10-09;9430;83.92;16.08
2007-10-12;9440;83.85;16.15
2007-10-15;9450;83.78;16.22
2007-10-17;9460;83.69;16.31
2007-10-18;9470;83.60;16.40
2007-10-22;9480;83.53;16.47
2007-10-24;9490;83.51;16.49
2007-10-25;9500;83.46;16.54
2007-10-25;9510;83.44;16.56
2007-10-27;9520;83.36;16.64
2007-10-29;9530;83.35;16.65
2007-11-01;9540;83.29;16.71
2007-11-05;9550;83.27;16.73
2007-11-07;9560;83.21;16.79
2007-11-10;9570;83.16;16.84
2007-11-15;9580;83.14;16.86
2007-11-16;9590;83.11;16.89
2007-11-19;9600;83.07;16.93
2007-11-20;9610;83.05;16.95
2007-11-21;9620;83.06;16.94
2007-11-24;9630;83.01;16.99
2007-11-26;9640;82.99;17.01
2007-11-29;9650;82.97;17.03
2007-12-03;9660;82.98;17.02
2007-12-05;9670;82.98;17.02
2007-12-08;9680;83.00;17.00
2007-12-10;9690;82.99;17.01
2007-12-11;9700;82.95;17.05
2007-12-14;9710;82.92;17.08
2007-12-24;9720;82.88;17.12
2008-01-02;9730;82.88;17.12
2008-01-04;9740;82.81;17.19
2008-01-05;9750;82.80;17.20
2008-01-07;9760;82.79;17.21
2008-01-09;9770;82.73;17.27
2008-01-11;9780;82.73;17.27
2008-01-12;9790;82.69;17.31
2008-01-15;9800;82.64;17.36
2008-01-17;9810;82.63;17.37
2008-01-19;9820;82.59;17.41
2008-01-21;9830;82.56;17.44
2008-01-24;9840;82.50;17.50
2008-01-25;9850;82.43;17.57
2008-01-28;9860;82.43;17.57
2008-01-31;9870;82.43;17.57
2008-02-06;9880;82.38;17.62
2008-02-08;9890;82.33;17.67
2008-02-08;9900;82.30;17.70
2008-02-10;9910;82.22;17.78
2008-02-13;9920;82.15;17.85
2008-02-15;9930;82.11;17.89
2008-02-17;9940;82.09;17.91
2008-02-18;9950;82.07;17.93
2008-02-20;9960;82.01;17.99
2008-02-21;9970;81.99;18.01
2008-02-26;9980;81.95;18.05
2008-02-28;9990;81.88;18.12
2008-03-06;10000;81.83;18.17
2008-03-10;10010;81.79;18.21
2008-03-13;10020;81.78;18.22
2008-03-20;10030;81.71;18.29
2008-03-27;10040;81.71;18.29
2008-03-31;10050;81.71;18.29
2008-04-03;10060;81.68;18.32
2008-04-05;10070;81.66;18.34
2008-04-09;10080;81.60;18.40
2008-04-14;10090;81.60;18.40
2008-04-20;10100;81.54;18.46
2008-04-22;10110;81.47;18.53
2008-04-25;10120;81.39;18.61
2008-05-01;10130;81.36;18.64
2008-05-05;10140;81.36;18.64
2008-05-08;10150;81.35;18.65
2008-05-12;10160;81.31;18.69
2008-05-13;10170;81.24;18.76
2008-05-14;10180;81.20;18.80
2008-05-17;10190;81.14;18.86
2008-05-20;10200;81.10;18.90
2008-05-22;10210;81.02;18.98
2008-05-23;10220;80.99;19.01
2008-05-26;10230;80.98;19.02
2008-05-30;10240;80.97;19.03
2008-06-04;10250;80.93;19.07
2008-06-06;10260;80.92;19.08
2008-06-10;10270;80.90;19.10
2008-06-13;10280;80.88;19.12
2008-06-19;10290;80.86;19.14
2008-06-21;10300;80.85;19.15
2008-06-30;10310;80.83;19.17
2008-07-03;10320;80.79;19.21
2008-07-07;10330;80.76;19.24
2008-07-10;10340;80.72;19.28
2008-07-11;10350;80.69;19.31
2008-07-14;10360;80.62;19.38
2008-07-16;10370;80.54;19.46
2008-07-20;10380;80.46;19.54
2008-07-22;10390;80.38;19.62
2008-07-24;10400;80.32;19.68
2008-07-27;10410;80.25;19.75
2008-07-27;10420;80.17;19.83
2008-07-29;10430;80.11;19.89
2008-07-29;10440;80.03;19.97
2008-07-30;10450;79.97;20.03
2008-07-30;10460;79.89;20.11
2008-07-31;10470;79.88;20.12
2008-08-01;10480;79.80;20.20
2008-08-01;10490;79.72;20.28
2008-08-03;10500;79.66;20.34
2008-08-06;10510;79.62;20.38
2008-08-07;10520;79.56;20.44
2008-08-08;10530;79.49;20.51
2008-08-09;10540;79.41;20.59
2008-08-11;10550;79.36;20.64
2008-08-12;10560;79.32;20.68
2008-08-13;10570;79.24;20.76
2008-08-13;10580;79.20;20.80
2008-08-14;10590;79.13;20.87
2008-08-16;10600;79.06;20.94
2008-08-18;10610;78.98;21.02
2008-08-20;10620;78.93;21.07
2008-08-21;10630;78.85;21.15
2008-08-22;10640;78.83;21.17
2008-08-23;10650;78.79;21.21
2008-08-24;10660;78.76;21.24
2008-08-25;10670;78.72;21.28
2008-08-26;10680;78.66;21.34
2008-08-26;10690;78.60;21.40
2008-08-28;10700;78.54;21.46
2008-08-28;10710;78.52;21.48
2008-08-29;10720;78.50;21.50
2008-09-01;10730;78.48;21.52
2008-09-03;10740;78.45;21.55
2008-09-05;10750;78.38;21.62
2008-09-05;10760;78.36;21.64
2008-09-08;10770;78.35;21.65
2008-09-10;10780;78.27;21.73
2008-09-12;10790;78.20;21.80
2008-09-13;10800;78.13;21.87
2008-09-15;10810;78.06;21.94
2008-09-16;10820;77.99;22.01
2008-09-17;10830;77.91;22.09
2008-09-18;10840;77.84;22.16
2008-09-20;10850;77.77;22.23
2008-09-22;10860;77.72;22.28
2008-09-23;10870;77.73;22.27
2008-09-24;10880;77.67;22.33
2008-09-26;10890;77.63;22.37
2008-09-29;10900;77.61;22.39
2008-09-29;10910;77.57;22.43
2008-09-30;10920;77.51;22.49
2008-10-02;10930;77.44;22.56
2008-10-07;10940;77.39;22.61
2008-10-08;10950;77.35;22.65
2008-10-08;10960;77.31;22.69
2008-10-09;10970;77.25;22.75
2008-10-10;10980;77.19;22.81
2008-10-11;10990;77.12;22.88
2008-10-13;11000;77.05;22.95
2008-10-14;11010;77.01;22.99
2008-10-15;11020;76.98;23.02
2008-10-16;11030;76.97;23.03
2008-10-17;11040;76.96;23.04
2008-10-17;11050;76.92;23.08
2008-10-19;11060;76.86;23.14
2008-10-20;11070;76.84;23.16
2008-10-22;11080;76.77;23.23
2008-10-23;11090;76.73;23.27
2008-10-24;11100;76.67;23.33
2008-10-27;11110;76.60;23.40
2008-10-28;11120;76.54;23.46
2008-10-29;11130;76.48;23.52
2008-10-30;11140;76.42;23.58
2008-11-01;11150;76.37;23.63
2008-11-03;11160;76.34;23.66
2008-11-05;11170;76.36;23.64
2008-11-08;11180;76.29;23.71
2008-11-11;11190;76.26;23.74
2008-11-13;11200;76.23;23.77
2008-11-14;11210;76.20;23.80
2008-11-17;11220;76.18;23.82
2008-11-17;11230;76.12;23.88
2008-11-19;11240;76.08;23.92
2008-11-20;11250;76.09;23.91
2008-11-26;11260;76.07;23.93
2008-11-29;11270;76.01;23.99
2008-12-03;11280;76.00;24.00
2008-12-08;11290;76.01;23.99
2008-12-09;11300;75.96;24.04
2008-12-11;11310;75.96;24.04
2008-12-16;11320;75.95;24.05
2008-12-20;11330;75.95;24.05
2008-12-27;11340;75.95;24.05
2008-12-30;11350;75.96;24.04
2009-01-07;11360;75.94;24.06
2009-01-11;11370;75.93;24.07
2009-01-13;11380;75.94;24.06
2009-01-16;11390;75.95;24.05
2009-01-20;11400;75.95;24.05
2009-01-28;11410;75.92;24.08
2009-01-30;11420;75.87;24.13
2009-02-03;11430;75.86;24.14
2009-02-09;11440;75.85;24.15
2009-02-12;11450;75.85;24.15
2009-02-17;11460;75.83;24.17
2009-02-20;11470;75.83;24.17
2009-02-23;11480;75.82;24.18
2009-02-27;11490;75.83;24.17
2009-03-02;11500;75.83;24.17
2009-03-08;11510;75.82;24.18
2009-03-11;11520;75.81;24.19
2009-03-18;11530;75.79;24.21
2009-04-03;11540;75.75;24.25
2009-04-07;11550;75.71;24.29
2009-04-08;11560;75.65;24.35
2009-04-10;11570;75.58;24.42
2009-04-14;11580;75.54;24.46
2009-04-17;11590;75.50;24.50
2009-04-18;11600;75.47;24.53
2009-04-22;11610;75.43;24.57
2009-04-25;11620;75.41;24.59
2009-04-27;11630;75.39;24.61
2009-04-28;11640;75.34;24.66
2009-04-29;11650;75.30;24.70
2009-04-30;11660;75.25;24.75
2009-04-30;11670;75.20;24.80
2009-05-01;11680;75.18;24.82
2009-05-03;11690;75.12;24.88
2009-05-04;11700;75.09;24.91
2009-05-06;11710;75.05;24.95
2009-05-07;11720;75.03;24.97
2009-05-08;11730;75.00;25.00
2009-05-10;11740;74.94;25.06
2009-05-11;11750;74.94;25.06
2009-05-11;11760;74.96;25.04
2009-05-12;11770;74.94;25.06
2009-05-15;11780;74.89;25.11
2009-05-18;11790;74.83;25.17
2009-05-19;11800;74.80;25.20
2009-05-20;11810;74.74;25.26
2009-05-21;11820;74.68;25.32
2009-05-26;11830;74.63;25.37
2009-05-28;11840;74.61;25.39
2009-06-01;11850;74.56;25.44
2009-06-03;11860;74.50;25.50
2009-06-05;11870;74.46;25.54
2009-06-06;11880;74.39;25.61
2009-06-08;11890;74.37;25.63
2009-06-08;11900;74.32;25.68
2009-06-10;11910;74.27;25.73
2009-06-11;11920;74.22;25.78
2009-06-13;11930;74.16;25.84
2009-06-15;11940;74.10;25.90
2009-06-18;11950;74.06;25.94
2009-06-29;11960;74.01;25.99
2009-07-08;11970;74.01;25.99
2009-07-14;11980;74.01;25.99
2009-07-15;11990;73.94;26.06
2009-07-22;12000;73.90;26.10
2009-07-25;12010;73.86;26.14
2009-08-01;12020;73.88;26.12
2009-08-03;12030;73.90;26.10
2009-08-07;12040;73.87;26.13
2009-08-12;12050;73.86;26.14
2009-08-16;12060;73.86;26.14
2009-08-24;12070;73.86;26.14
2009-08-29;12080;73.81;26.19
2009-09-01;12090;73.78;26.22
2009-09-03;12100;73.79;26.21
2009-09-05;12110;73.76;26.24
2009-09-07;12120;73.70;26.30
2009-09-15;12130;73.65;26.35
2009-09-17;12140;73.60;26.40
2009-09-23;12150;73.56;26.44
2009-09-27;12160;73.55;26.45
2009-10-01;12170;73.53;26.47
2009-10-08;12180;73.48;26.52
2009-10-14;12190;73.42;26.58
2009-10-18;12200;73.41;26.59
2009-10-21;12210;73.39;26.61
2009-10-26;12220;73.37;26.63
2009-10-29;12230;73.33;26.67
2009-10-29;12240;73.31;26.69
2009-10-30;12250;73.27;26.73
2009-11-02;12260;73.24;26.76
2009-11-04;12270;73.23;26.77
2009-11-09;12280;73.20;26.80
2009-11-10;12290;73.14;26.86
2009-11-12;12300;73.11;26.89
2009-11-14;12310;73.05;26.95
2009-11-15;12320;73.00;27.00
2009-11-18;12330;72.96;27.04
2009-11-20;12340;72.91;27.09
2009-11-23;12350;72.86;27.14
2009-11-23;12360;72.82;27.18
2009-11-26;12370;72.78;27.22
2009-11-28;12380;72.75;27.25
2009-12-02;12390;72.72;27.28
2009-12-10;12400;72.70;27.30
2009-12-12;12410;72.71;27.29
2009-12-16;12420;72.66;27.34
2009-12-17;12430;72.64;27.36
2009-12-20;12440;72.62;27.38
2009-12-21;12450;72.59;27.41
2009-12-24;12460;72.54;27.46
2009-12-27;12470;72.54;27.46
2009-12-30;12480;72.50;27.50
2009-12-31;12490;72.48;27.52
2010-01-04;12500;72.50;27.50
2010-01-08;12510;72.46;27.54
2010-01-11;12520;72.44;27.56
2010-01-13;12530;72.41;27.59
2010-01-17;12540;72.35;27.65
2010-01-18;12550;72.29;27.71
2010-01-20;12560;72.29;27.71
2010-01-21;12570;72.27;27.73
2010-01-22;12580;72.23;27.77
2010-01-22;12590;72.22;27.78
2010-01-23;12600;72.17;27.83
2010-01-26;12610;72.13;27.87
2010-01-27;12620;72.09;27.91
2010-01-29;12630;72.04;27.96
2010-02-01;12640;71.99;28.01
2010-02-02;12650;71.94;28.06
2010-02-03;12660;71.90;28.10
2010-02-05;12670;71.84;28.16
2010-02-09;12680;71.81;28.19
2010-02-12;12690;71.77;28.23
2010-02-14;12700;71.75;28.25
2010-02-19;12710;71.72;28.28
2010-02-22;12720;71.71;28.29
2010-02-24;12730;71.65;28.35
2010-02-26;12740;71.59;28.41
2010-03-02;12750;71.59;28.41
2010-03-05;12760;71.58;28.42
2010-03-11;12770;71.55;28.45
2010-03-19;12780;71.51;28.49
2010-03-22;12790;71.52;28.48
2010-03-24;12800;71.52;28.48
2010-03-24;12810;71.53;28.47
2010-03-24;12820;71.50;28.50
2010-03-26;12830;71.49;28.51
2010-03-29;12840;71.47;28.53
2010-04-01;12850;71.46;28.54
2010-04-09;12860;71.42;28.58
2010-04-12;12870;71.42;28.58
2010-04-14;12880;71.41;28.59
2010-04-16;12890;71.40;28.60
2010-04-16;12900;71.41;28.59
2010-04-17;12910;71.43;28.57
2010-04-19;12920;71.42;28.58
2010-04-24;12930;71.38;28.62
2010-04-28;12940;71.38;28.62
2010-05-07;12950;71.37;28.63
2010-05-12;12960;71.35;28.65
2010-05-13;12970;71.33;28.67
2010-05-16;12980;71.31;28.69
2010-05-21;12990;71.27;28.73
2010-05-27;13000;71.23;28.77
2010-05-28;13010;71.19;28.81
2010-05-31;13020;71.14;28.86
2010-06-02;13030;71.10;28.90
2010-06-02;13040;71.06;28.94
2010-06-08;13050;71.03;28.97
2010-06-10;13060;70.99;29.01
2010-06-17;13070;70.99;29.01
2010-06-21;13080;70.99;29.01
2010-06-30;13090;70.98;29.02
2010-07-12;13100;70.98;29.02
2010-07-18;13110;70.95;29.05
2010-07-26;13120;70.91;29.09
2010-07-30;13130;70.88;29.12
2010-08-02;13140;70.86;29.14
2010-08-02;13150;70.84;29.16
2010-08-06;13160;70.82;29.18
2010-08-08;13170;70.80;29.20
2010-08-10;13180;70.77;29.23
2010-08-10;13190;70.76;29.24
2010-08-15;13200;70.73;29.27
2010-08-16;13210;70.73;29.27
2010-08-19;13220;70.70;29.30
2010-08-25;13230;70.67;29.33
2010-08-25;13240;70.66;29.34
2010-08-28;13250;70.66;29.34
2010-09-01;13260;70.66;29.34
2010-09-06;13270;70.63;29.37
2010-09-12;13280;70.62;29.38
2010-09-18;13290;70.62;29.38
2010-09-21;13300;70.62;29.38
2010-09-22;13310;70.59;29.41
2010-09-22;13320;70.55;29.45
2010-09-28;13330;70.54;29.46
2010-09-29;13340;70.49;29.51
2010-10-02;13350;70.50;29.50
2010-10-07;13360;70.49;29.51
2010-10-12;13370;70.47;29.53
2010-10-13;13380;70.46;29.54
2010-10-18;13390;70.46;29.54
2010-10-28;13400;70.46;29.54
2010-11-03;13410;70.47;29.53
2010-11-04;13420;70.48;29.52
2010-11-07;13430;70.48;29.52
2010-11-08;13440;70.48;29.52
2010-11-10;13450;70.45;29.55
2010-11-12;13460;70.42;29.58
2010-11-18;13470;70.40;29.60
2010-11-25;13480;70.35;29.65
2010-11-28;13490;70.30;29.70
2010-12-02;13500;70.24;29.76
2010-12-04;13510;70.20;29.80
2010-12-08;13520;70.17;29.83
2010-12-15;13530;70.16;29.84
2010-12-17;13540;70.17;29.83
2010-12-18;13550;70.15;29.85
2010-12-22;13560;70.12;29.88
2010-12-23;13570;70.12;29.88
2011-01-01;13580;70.10;29.90
2011-01-04;13590;70.12;29.88
2011-01-04;13600;70.12;29.88
2011-01-07;13610;70.12;29.88
2011-01-12;13620;70.09;29.91
2011-01-17;13630;70.04;29.96
2011-01-19;13640;70.04;29.96
2011-01-25;13650;70.04;29.96
2011-01-31;13660;70.02;29.98
2011-02-07;13670;70.00;30.00
2011-02-10;13680;69.96;30.04
2011-02-17;13690;69.96;30.04
2011-02-20;13700;69.96;30.04
2011-02-25;13710;69.93;30.07
2011-03-06;13720;69.89;30.11
2011-03-09;13730;69.88;30.12
2011-03-12;13740;69.90;30.10
2011-03-13;13750;69.90;30.10
2011-03-14;13760;69.91;30.09
2011-03-15;13770;69.91;30.09
2011-03-17;13780;69.91;30.09
2011-03-20;13790;69.90;30.10
2011-03-23;13800;69.91;30.09
2011-04-01;13810;69.90;30.10
2011-04-05;13820;69.88;30.12
2011-04-07;13830;69.86;30.14
2011-04-11;13840;69.86;30.14
2011-04-16;13850;69.85;30.15
2011-04-18;13860;69.86;30.14
2011-04-19;13870;69.86;30.14
2011-04-20;13880;69.84;30.16
2011-04-22;13890;69.80;30.20
2011-04-25;13900;69.79;30.21
2011-04-27;13910;69.80;30.20
2011-04-28;13920;69.81;30.19
2011-05-02;13930;69.83;30.17
2011-05-05;13940;69.84;30.16
2011-05-13;13950;69.85;30.15
2011-05-19;13960;69.85;30.15
2011-05-21;13970;69.81;30.19
2011-05-24;13980;69.76;30.24
2011-05-26;13990;69.74;30.26
2011-05-30;14000;69.70;30.30
2011-06-02;14010;69.66;30.34
2011-06-04;14020;69.65;30.35
2011-06-09;14030;69.63;30.37
2011-06-11;14040;69.62;30.38
2011-06-17;14050;69.62;30.38
2011-06-21;14060;69.59;30.41
2011-06-23;14070;69.60;30.40
2011-07-01;14080;69.60;30.40
2011-07-13;14090;69.60;30.40
2011-07-19;14100;69.60;30.40
2011-07-26;14110;69.57;30.43
2011-07-28;14120;69.52;30.48
2011-07-29;14130;69.47;30.53
2011-08-04;14140;69.46;30.54
2011-08-05;14150;69.46;30.54
2011-08-06;14160;69.44;30.56
2011-08-08;14170;69.43;30.57
2011-08-09;14180;69.44;30.56
2011-08-12;14190;69.42;30.58
2011-08-13;14200;69.41;30.59
2011-08-14;14210;69.39;30.61
2011-08-16;14220;69.37;30.63
2011-08-20;14230;69.37;30.63
2011-08-24;14240;69.35;30.65
2011-08-27;14250;69.33;30.67
2011-08-31;14260;69.28;30.72
2011-09-02;14270;69.24;30.76
2011-09-04;14280;69.19;30.81
2011-09-06;14290;69.15;30.85
2011-09-09;14300;69.13;30.87
2011-09-11;14310;69.11;30.89
2011-09-13;14320;69.10;30.90
2011-09-16;14330;69.06;30.94
2011-09-18;14340;69.02;30.98
2011-09-20;14350;68.98;31.02
2011-09-21;14360;68.93;31.07
2011-09-23;14370;68.90;31.10
2011-09-25;14380;68.87;31.13
2011-09-26;14390;68.83;31.17
2011-09-28;14400;68.81;31.19
2011-10-02;14410;68.80;31.20
2011-10-04;14420;68.78;31.22
2011-10-05;14430;68.75;31.25
2011-10-10;14440;68.70;31.30
2011-10-14;14450;68.65;31.35
2011-10-17;14460;68.64;31.36
2011-10-20;14470;68.64;31.36
2011-10-24;14480;68.60;31.40
2011-10-25;14490;68.61;31.39
2011-10-28;14500;68.58;31.42
2011-11-01;14510;68.53;31.47
2011-11-06;14520;68.51;31.49
2011-11-15;14530;68.51;31.49
2011-11-18;14540;68.49;31.51
2011-11-24;14550;68.47;31.53
2011-11-25;14560;68.45;31.55
2011-11-30;14570;68.46;31.54
2011-12-05;14580;68.44;31.56
2011-12-06;14590;68.45;31.55
2011-12-13;14600;68.43;31.57
2011-12-19;14610;68.40;31.60
2011-12-20;14620;68.39;31.61
2011-12-20;14630;68.39;31.61
2011-12-21;14640;68.39;31.61
2011-12-25;14650;68.38;31.62
2011-12-30;14660;68.34;31.66
2012-01-01;14670;68.34;31.66
2012-01-04;14680;68.33;31.67
2012-01-05;14690;68.30;31.70
2012-01-13;14700;68.27;31.73
2012-01-17;14710;68.25;31.75
2012-01-18;14720;68.22;31.78
2012-01-20;14730;68.20;31.80
2012-01-25;14740;68.20;31.80
2012-02-07;14750;68.18;31.82
2012-02-13;14760;68.16;31.84
2012-02-15;14770;68.14;31.86
2012-02-21;14780;68.13;31.87
2012-03-08;14790;68.11;31.89
2012-03-10;14800;68.10;31.90
2012-03-18;14810;68.08;31.92
2012-03-22;14820;68.04;31.96
2012-03-23;14830;68.01;31.99
2012-03-26;14840;67.96;32.04
2012-03-31;14850;67.93;32.07
2012-04-04;14860;67.89;32.11
2012-04-05;14870;67.87;32.13
2012-04-10;14880;67.84;32.16
2012-04-12;14890;67.80;32.20
2012-04-13;14900;67.75;32.25
2012-04-17;14910;67.71;32.29
2012-04-22;14920;67.68;32.32
2012-04-23;14930;67.64;32.36
2012-05-07;14940;67.62;32.38
2012-05-20;14950;67.63;32.37
2012-05-24;14960;67.61;32.39
2012-05-26;14970;67.57;32.43
2012-05-26;14980;67.52;32.48
2012-05-26;14990;67.48;32.52
2012-05-27;15000;67.45;32.55
2012-05-30;15010;67.42;32.58
2012-06-02;15020;67.37;32.63
2012-06-03;15030;67.34;32.66
2012-06-04;15040;67.31;32.69
2012-06-04;15050;67.28;32.72
2012-06-05;15060;67.23;32.77
2012-06-07;15070;67.19;32.81
2012-06-08;15080;67.18;32.82
2012-06-09;15090;67.14;32.86
2012-06-11;15100;67.10;32.90
2012-06-11;15110;67.05;32.95
2012-06-11;15120;67.01;32.99
2012-06-12;15130;66.99;33.01
2012-06-13;15140;66.96;33.04
2012-06-14;15150;66.91;33.09
2012-06-18;15160;66.88;33.12
2012-06-19;15170;66.84;33.16
2012-06-20;15180;66.80;33.20
2012-06-21;15190;66.75;33.25
2012-06-25;15200;66.72;33.28
2012-06-27;15210;66.69;33.31
2012-06-28;15220;66.66;33.34
2012-07-02;15230;66.63;33.37
2012-07-03;15240;66.61;33.39
2012-07-05;15250;66.59;33.41
2012-07-07;15260;66.59;33.41
2012-07-09;15270;66.57;33.43
2012-07-11;15280;66.56;33.44
2012-07-12;15290;66.54;33.46
2012-07-13;15300;66.53;33.47
2012-07-20;15310;66.51;33.49
2012-07-22;15320;66.49;33.51
2012-07-27;15330;66.46;33.54
2012-08-02;15340;66.44;33.56
2012-08-06;15350;66.41;33.59
2012-08-07;15360;66.41;33.59
2012-08-07;15370;66.41;33.59
2012-08-08;15380;66.42;33.58
2012-08-15;15390;66.40;33.60
2012-08-27;15400;66.40;33.60
2012-09-01;15410;66.39;33.61
2012-09-04;15420;66.37;33.63
2012-09-09;15430;66.36;33.64
2012-09-11;15440;66.32;33.68
2012-09-14;15450;66.28;33.72
2012-09-17;15460;66.25;33.75
2012-10-01;15470;66.24;33.76
2012-10-06;15480;66.21;33.79
2012-10-10;15490;66.22;33.78
2012-11-01;15500;66.20;33.80
2012-11-05;15510;66.19;33.81
2012-11-06;15520;66.19;33.81
2012-11-08;15530;66.21;33.79
2012-11-12;15540;66.18;33.82
2012-11-13;15550;66.16;33.84
2012-11-18;15560;66.16;33.84
2012-11-19;15570;66.11;33.89
2012-11-21;15580;66.11;33.89
2012-11-27;15590;66.08;33.92
2012-12-04;15600;66.04;33.96
2012-12-08;15610;66.00;34.00
2012-12-14;15620;65.97;34.03
2012-12-19;15630;65.92;34.08
2012-12-23;15640;65.90;34.10
2012-12-25;15650;65.87;34.13
2012-12-28;15660;65.84;34.16
2012-12-29;15670;65.80;34.20
2013-01-01;15680;65.76;34.24
2013-01-03;15690;65.74;34.26
2013-01-06;15700;65.72;34.28
2013-01-07;15710;65.68;34.32
2013-01-09;15720;65.66;34.34
2013-01-12;15730;65.62;34.38
2013-01-16;15740;65.59;34.41
2013-01-19;15750;65.58;34.42
2013-01-22;15760;65.56;34.44
2013-01-24;15770;65.52;34.48
2013-01-25;15780;65.48;34.52
2013-01-28;15790;65.44;34.56
2013-02-01;15800;65.41;34.59
2013-02-05;15810;65.38;34.62
2013-02-05;15820;65.36;34.64
2013-02-06;15830;65.33;34.67
2013-02-06;15840;65.32;34.68
2013-02-07;15850;65.30;34.70
2013-02-09;15860;65.27;34.73
2013-02-10;15870;65.23;34.77
2013-02-10;15880;65.19;34.81
2013-02-12;15890;65.15;34.85
2013-02-14;15900;65.13;34.87
2013-02-15;15910;65.10;34.90
2013-02-16;15920;65.08;34.92
2013-02-18;15930;65.07;34.93
2013-02-22;15940;65.04;34.96
2013-02-23;15950;65.00;35.00
2013-02-23;15960;64.96;35.04
2013-02-23;15970;64.93;35.07
2013-02-24;15980;64.89;35.11
2013-02-25;15990;64.85;35.15
2013-02-26;16000;64.81;35.19
2013-02-27;16010;64.77;35.23
2013-02-28;16020;64.73;35.27
2013-02-28;16030;64.69;35.31
2013-03-02;16040;64.65;35.35
2013-03-03;16050;64.61;35.39
2013-03-05;16060;64.58;35.42
2013-03-06;16070;64.54;35.46
2013-03-07;16080;64.51;35.49
2013-03-08;16090;64.47;35.53
2013-03-09;16100;64.44;35.56
2013-03-10;16110;64.43;35.57
2013-03-10;16120;64.39;35.61
2013-03-12;16130;64.36;35.64
2013-03-13;16140;64.32;35.68
2013-03-15;16150;64.29;35.71
2013-03-18;16160;64.25;35.75
2013-03-21;16170;64.21;35.79
2013-03-27;16180;64.19;35.81
2013-04-03;16190;64.19;35.81
2013-04-04;16200;64.16;35.84
2013-04-06;16210;64.14;35.86
2013-04-06;16220;64.11;35.89
2013-04-07;16230;64.07;35.93
2013-04-08;16240;64.05;35.95
2013-04-10;16250;64.03;35.97
2013-04-12;16260;64.02;35.98
2013-04-12;16270;64.00;36.00
2013-04-13;16280;63.96;36.04
2013-04-15;16290;63.92;36.08
2013-04-18;16300;63.88;36.12
2013-04-19;16310;63.86;36.14
2013-04-21;16320;63.82;36.18
2013-04-23;16330;63.78;36.22
2013-04-25;16340;63.75;36.25
2013-04-27;16350;63.74;36.26
2013-04-28;16360;63.70;36.30
2013-04-30;16370;63.67;36.33
2013-05-04;16380;63.63;36.37
2013-05-06;16390;63.59;36.41
2013-05-09;16400;63.59;36.41
2013-05-21;16410;63.58;36.42
2013-06-02;16420;63.58;36.42
2013-06-08;16430;63.59;36.41
2013-06-12;16440;63.58;36.42
2013-06-20;16450;63.60;36.40
2013-06-22;16460;63.60;36.40
2013-06-24;16470;63.60;36.40
2013-07-02;16480;63.60;36.40
2013-07-09;16490;63.57;36.43
2013-07-14;16500;63.53;36.47
2013-07-15;16510;63.49;36.51
2013-07-17;16520;63.46;36.54
2013-07-19;16530;63.44;36.56
2013-07-23;16540;63.42;36.58
2013-07-25;16550;63.38;36.62
2013-07-30;16560;63.36;36.64
2013-08-03;16570;63.34;36.66
2013-08-05;16580;63.36;36.64
2013-08-08;16590;63.36;36.64
2013-08-11;16600;63.36;36.64
2013-08-12;16610;63.35;36.65
2013-08-16;16620;63.36;36.64
2013-08-20;16630;63.33;36.67
2013-08-22;16640;63.34;36.66
2013-08-26;16650;63.33;36.67
2013-08-28;16660;63.31;36.69
2013-08-29;16670;63.31;36.69
2013-08-30;16680;63.30;36.70
2013-08-31;16690;63.27;36.73
2013-09-04;16700;63.26;36.74
2013-09-06;16710;63.27;36.73
2013-09-07;16720;63.28;36.72
2013-09-08;16730;63.25;36.75
2013-09-09;16740;63.21;36.79
2013-09-10;16750;63.19;36.81
2013-09-11;16760;63.17;36.83
2013-09-13;16770;63.14;36.86
2013-09-15;16780;63.11;36.89
2013-09-16;16790;63.07;36.93
2013-09-18;16800;63.04;36.96
2013-09-20;16810;63.00;37.00
2013-09-21;16820;62.98;37.02
2013-09-22;16830;62.94;37.06
2013-09-28;16840;62.92;37.08
2013-09-30;16850;62.90;37.10
2013-10-09;16860;62.90;37.10
2013-10-14;16870;62.90;37.10
2013-10-15;16880;62.87;37.13
2013-10-19;16890;62.83;37.17
2013-10-20;16900;62.80;37.20
2013-10-23;16910;62.79;37.21
2013-10-25;16920;62.75;37.25
2013-10-27;16930;62.72;37.28
2013-10-27;16940;62.69;37.31
2013-10-30;16950;62.67;37.33
2013-11-03;16960;62.65;37.35
2013-11-03;16970;62.61;37.39
2013-11-05;16980;62.59;37.41
2013-11-10;16990;62.55;37.45
2013-11-10;17000;62.52;37.48
2013-11-13;17010;62.49;37.51
2013-11-13;17020;62.46;37.54
2013-11-15;17030;62.43;37.57
2013-11-16;17040;62.39;37.61
2013-11-17;17050;62.36;37.64
2013-11-23;17060;62.32;37.68
2013-11-27;17070;62.29;37.71
2013-11-30;17080;62.27;37.73
2013-12-02;17090;62.24;37.76
2013-12-07;17100;62.21;37.79
2013-12-15;17110;62.22;37.78
2013-12-18;17120;62.21;37.79
2013-12-19;17130;62.19;37.81
2013-12-20;17140;62.19;37.81
2013-12-22;17150;62.17;37.83
2013-12-23;17160;62.15;37.85
2013-12-25;17170;62.13;37.87
2013-12-28;17180;62.11;37.89
2013-12-31;17190;62.07;37.93
2014-01-01;17200;62.03;37.97
2014-01-02;17210;62.01;37.99
2014-01-03;17220;62.00;38.00
2014-01-04;17230;61.97;38.03
2014-01-05;17240;61.94;38.06
2014-01-05;17250;61.91;38.09
2014-01-08;17260;61.89;38.11
2014-01-11;17270;61.89;38.11
2014-01-12;17280;61.86;38.14
2014-01-14;17290;61.85;38.15
2014-01-17;17300;61.84;38.16
2014-01-19;17310;61.82;38.18
2014-01-21;17320;61.81;38.19
2014-01-24;17330;61.78;38.22
2014-01-28;17340;61.75;38.25
2014-01-29;17350;61.73;38.27
2014-01-29;17360;61.72;38.28
2014-01-30;17370;61.72;38.28
2014-01-30;17380;61.73;38.27
2014-01-30;17390;61.70;38.30
2014-02-01;17400;61.67;38.33
2014-02-03;17410;61.63;38.37
2014-02-04;17420;61.60;38.40
2014-02-05;17430;61.58;38.42
2014-02-06;17440;61.56;38.44
2014-02-07;17450;61.55;38.45
2014-02-09;17460;61.52;38.48
2014-02-10;17470;61.49;38.51
2014-02-12;17480;61.48;38.52
2014-02-14;17490;61.46;38.54
2014-02-15;17500;61.42;38.58
2014-02-16;17510;61.40;38.60
2014-02-18;17520;61.40;38.60
2014-02-20;17530;61.39;38.61
2014-02-22;17540;61.36;38.64
2014-02-23;17550;61.32;38.68
2014-02-25;17560;61.29;38.71
2014-02-26;17570;61.26;38.74
2014-02-28;17580;61.23;38.77
2014-03-02;17590;61.19;38.81
2014-03-06;17600;61.20;38.80
2014-03-11;17610;61.20;38.80
2014-03-15;17620;61.17;38.83
2014-03-19;17630;61.15;38.85
2014-03-25;17640;61.15;38.85
2014-03-26;17650;61.14;38.86
2014-03-30;17660;61.11;38.89
2014-03-30;17670;61.09;38.91
2014-03-31;17680;61.09;38.91
2014-04-03;17690;61.07;38.93
2014-04-04;17700;61.08;38.92
2014-04-06;17710;61.07;38.93
2014-04-06;17720;61.03;38.97
2014-04-09;17730;61.01;38.99
2014-04-18;17740;60.98;39.02
2014-04-18;17750;60.95;39.05
2014-04-19;17760;60.91;39.09
2014-04-22;17770;60.88;39.12
2014-04-23;17780;60.86;39.14
2014-04-28;17790;60.84;39.16
2014-05-01;17800;60.81;39.19
2014-05-04;17810;60.79;39.21
2014-05-06;17820;60.79;39.21
2014-05-07;17830;60.77;39.23
2014-05-09;17840;60.76;39.24
2014-05-10;17850;60.73;39.27
2014-05-15;17860;60.72;39.28
2014-05-17;17870;60.72;39.28
2014-05-18;17880;60.72;39.28
2014-05-20;17890;60.69;39.31
2014-05-21;17900;60.67;39.33
2014-05-24;17910;60.65;39.35
2014-05-28;17920;60.64;39.36
2014-06-03;17930;60.63;39.37
2014-06-11;17940;60.60;39.40
2014-06-16;17950;60.60;39.40
2014-06-16;17960;60.61;39.39
2014-06-17;17970;60.62;39.38
2014-06-18;17980;60.63;39.37
2014-06-18;17990;60.63;39.37
2014-06-19;18000;60.65;39.35
2014-06-21;18010;60.66;39.34
2014-07-02;18020;60.64;39.36
2014-07-03;18030;60.61;39.39
2014-07-09;18040;60.58;39.42
2014-07-12;18050;60.55;39.45
2014-07-14;18060;60.52;39.48
2014-07-16;18070;60.50;39.50
2014-07-17;18080;60.49;39.51
2014-07-23;18090;60.46;39.54
2014-07-23;18100;60.46;39.54
2014-07-26;18110;60.45;39.55
2014-07-30;18120;60.45;39.55
2014-07-31;18130;60.43;39.57
2014-08-05;18140;60.43;39.57
2014-08-07;18150;60.41;39.59
2014-08-08;18160;60.39;39.61
2014-08-10;18170;60.36;39.64
2014-08-13;18180;60.33;39.67
2014-08-15;18190;60.31;39.69
2014-08-16;18200;60.28;39.72
2014-08-21;18210;60.26;39.74
2014-08-25;18220;60.25;39.75
2014-08-25;18230;60.22;39.78
2014-08-28;18240;60.22;39.78
2014-09-01;18250;60.22;39.78
2014-09-04;18260;60.22;39.78
2014-09-07;18270;60.19;39.81
2014-09-09;18280;60.20;39.80
2014-09-10;18290;60.21;39.79
2014-09-12;18300;60.20;39.80
2014-09-13;18310;60.19;39.81
2014-09-25;18320;60.20;39.80
2014-10-02;18330;60.21;39.79
2014-10-04;18340;60.22;39.78
2014-10-07;18350;60.23;39.77
2014-10-08;18360;60.23;39.77
2014-10-09;18370;60.23;39.77
2014-10-13;18380;60.22;39.78
2014-10-15;18390;60.21;39.79
2014-10-20;18400;60.19;39.81
2014-10-23;18410;60.21;39.79
2014-10-24;18420;60.21;39.79
2014-10-24;18430;60.22;39.78
2014-10-26;18440;60.18;39.82
2014-10-26;18450;60.15;39.85
2014-10-29;18460;60.14;39.86
2014-10-29;18470;60.12;39.88
2014-10-31;18480;60.10;39.90
2014-11-02;18490;60.07;39.93
2014-11-02;18500;60.04;39.96
2014-11-04;18510;60.02;39.98
2014-11-04;18520;60.01;39.99
2014-11-05;18530;60.02;39.98
2014-11-05;18540;59.99;40.01
2014-11-06;18550;59.98;40.02
2014-11-06;18560;59.96;40.04
2014-11-07;18570;59.93;40.07
2014-11-08;18580;59.90;40.10
2014-11-09;18590;59.87;40.13
2014-11-10;18600;59.84;40.16
2014-11-14;18610;59.83;40.17
2014-11-15;18620;59.80;40.20
2014-11-16;18630;59.76;40.24
2014-11-18;18640;59.74;40.26
2014-11-19;18650;59.73;40.27
2014-11-20;18660;59.71;40.29
2014-11-22;18670;59.69;40.31
2014-11-24;18680;59.66;40.34
2014-11-25;18690;59.67;40.33
2014-11-29;18700;59.64;40.36
2014-11-30;18710;59.62;40.38
2014-11-30;18720;59.58;40.42
2014-12-02;18730;59.56;40.44
2014-12-04;18740;59.53;40.47
2014-12-03;18750;59.52;40.48
2014-12-04;18760;59.49;40.51
2014-12-05;18770;59.46;40.54
2014-12-06;18780;59.42;40.58
2014-12-08;18790;59.39;40.61
2014-12-10;18800;59.39;40.61
2014-12-12;18810;59.39;40.61
2014-12-13;18820;59.36;40.64
2014-12-14;18830;59.33;40.67
2014-12-14;18840;59.30;40.70
2014-12-16;18850;59.28;40.72
2014-12-19;18860;59.27;40.73
2014-12-21;18870;59.25;40.75
2014-12-24;18880;59.24;40.76
2014-12-25;18890;59.21;40.79
2014-12-26;18900;59.17;40.83
2014-12-27;18910;59.14;40.86
2014-12-28;18920;59.12;40.88
2014-12-30;18930;59.09;40.91
2014-12-31;18940;59.05;40.95
2015-01-02;18950;59.02;40.98
2015-01-04;18960;58.99;41.01
2015-01-04;18970;58.96;41.04
2015-01-07;18980;58.94;41.06
2015-01-08;18990;58.94;41.06
2015-01-12;19000;58.93;41.07
2015-01-16;19010;58.91;41.09
2015-01-16;19020;58.91;41.09
2015-01-17;19030;58.89;41.11
2015-01-20;19040;58.87;41.13
2015-01-22;19050;58.85;41.15
2015-01-27;19060;58.84;41.16
2015-01-28;19070;58.81;41.19
2015-01-31;19080;58.78;41.22
2015-02-02;19090;58.78;41.22
2015-02-04;19100;58.78;41.22
2015-02-06;19110;58.79;41.21
2015-02-12;19120;58.77;41.23
2015-02-19;19130;58.74;41.26
2015-02-24;19140;58.74;41.26
2015-02-25;19150;58.73;41.27
2015-02-28;19160;58.71;41.29
2015-03-03;19170;58.71;41.29
2015-03-05;19180;58.72;41.28
2015-03-07;19190;58.71;41.29
2015-03-10;19200;58.71;41.29
2015-03-12;19210;58.71;41.29
2015-03-16;19220;58.70;41.30
2015-03-17;19230;58.72;41.28
2015-03-18;19240;58.71;41.29
2015-03-20;19250;58.71;41.29
2015-03-21;19260;58.69;41.31
2015-03-23;19270;58.68;41.32
2015-03-24;19280;58.67;41.33
2015-03-25;19290;58.66;41.34
2015-03-27;19300;58.65;41.35
2015-03-30;19310;58.64;41.36
2015-04-03;19320;58.62;41.38
2015-04-08;19330;58.59;41.41
2015-04-13;19340;58.57;41.43
2015-04-16;19350;58.57;41.43
2015-04-19;19360;58.56;41.44
2015-04-22;19370;58.58;41.42
2015-04-22;19380;58.58;41.42
2015-04-25;19390;58.56;41.44
2015-04-27;19400;58.56;41.44
2015-04-29;19410;58.57;41.43
2015-04-30;19420;58.54;41.46
2015-05-04;19430;58.53;41.47
2015-05-12;19440;58.51;41.49
2015-05-18;19450;58.53;41.47
2015-05-18;19460;58.55;41.45
2015-05-18;19470;58.56;41.44
2015-05-18;19480;58.57;41.43
2015-05-18;19490;58.59;41.41
2015-05-18;19500;58.59;41.41
2015-05-20;19510;58.58;41.42
2015-05-22;19520;58.58;41.42
2015-05-24;19530;58.59;41.41
2015-05-27;19540;58.57;41.43
2015-05-31;19550;58.59;41.41
2015-06-02;19560;58.59;41.41
2015-06-05;19570;58.61;41.39
2015-06-10;19580;58.61;41.39
2015-06-14;19590;58.61;41.39
2015-06-15;19600;58.61;41.39
2015-06-17;19610;58.60;41.40
2015-06-18;19620;58.61;41.39
2015-06-20;19630;58.60;41.40
2015-06-24;19640;58.62;41.38
2015-06-25;19650;58.62;41.38
2015-07-02;19660;58.62;41.38
2015-07-18;19670;58.59;41.41
2015-07-24;19680;58.56;41.44
2015-07-26;19690;58.56;41.44
2015-07-29;19700;58.53;41.47
2015-07-31;19710;58.51;41.49
2015-08-03;19720;58.51;41.49
2015-08-05;19730;58.49;41.51
2015-08-06;19740;58.47;41.53
2015-08-09;19750;58.44;41.56
2015-08-10;19760;58.41;41.59
2015-08-11;19770;58.40;41.60
2015-08-14;19780;58.39;41.61
2015-08-20;19790;58.37;41.63
2015-08-22;19800;58.37;41.63
2015-08-24;19810;58.37;41.63
2015-08-29;19820;58.36;41.64
2015-08-31;19830;58.35;41.65
2015-09-03;19840;58.36;41.64
2015-09-08;19850;58.34;41.66
2015-09-12;19860;58.33;41.67
2015-09-18;19870;58.33;41.67
2015-09-20;19880;58.32;41.68
2015-09-23;19890;58.31;41.69
2015-09-27;19900;58.30;41.70
2015-10-04;19910;58.28;41.72
2015-10-08;19920;58.29;41.71
2015-10-15;19930;58.28;41.72
2015-10-18;19940;58.28;41.72
2015-10-23;19950;58.28;41.72
2015-10-23;19960;58.29;41.71
2015-10-29;19970;58.29;41.71
2015-11-06;19980;58.29;41.71
2015-11-08;19990;58.28;41.72
2015-11-10;20000;58.27;41.73
2015-11-12;20010;58.26;41.74
2015-11-13;20020;58.26;41.74
2015-11-14;20030;58.26;41.74
2015-11-16;20040;58.25;41.75
2015-11-20;20050;58.23;41.77
2015-11-22;20060;58.21;41.79
2015-11-25;20070;58.23;41.77
2015-11-30;20080;58.23;41.77
2015-12-03;20090;58.24;41.76
2015-12-09;20100;58.22;41.78
2015-12-14;20110;58.23;41.77
2015-12-16;20120;58.24;41.76
2015-12-23;20130;58.22;41.78
2015-12-24;20140;58.19;41.81
2016-01-04;20150;58.18;41.82
2016-01-07;20160;58.19;41.81
2016-01-11;20170;58.18;41.82
2016-01-14;20180;58.18;41.82
2016-01-24;20190;58.17;41.83
2016-01-28;20200;58.16;41.84
2016-02-03;20210;58.16;41.84
2016-02-05;20220;58.15;41.85
2016-02-08;20230;58.14;41.86
2016-02-08;20240;58.13;41.87
2016-02-10;20250;58.13;41.87
2016-02-12;20260;58.13;41.87
2016-02-17;20270;58.12;41.88
2016-02-18;20280;58.14;41.86
2016-02-23;20290;58.11;41.89
2016-02-27;20300;58.10;41.90
2016-03-05;20310;58.08;41.92
2016-03-06;20320;58.09;41.91
2016-03-08;20330;58.10;41.90
2016-03-10;20340;58.10;41.90
2016-03-12;20350;58.09;41.91
2016-03-14;20360;58.08;41.92
2016-03-14;20370;58.10;41.90
2016-03-18;20380;58.09;41.91
2016-03-19;20390;58.07;41.93
2016-03-22;20400;58.06;41.94
2016-03-23;20410;58.07;41.93
2016-03-25;20420;58.06;41.94
2016-03-26;20430;58.03;41.97
2016-03-27;20440;58.00;42.00
2016-03-29;20450;58.00;42.00
2016-03-30;20460;58.01;41.99
2016-03-31;20470;58.02;41.98
2016-04-01;20480;58.01;41.99
2016-04-02;20490;57.99;42.01
2016-04-03;20500;58.00;42.00
2016-04-03;20510;57.97;42.03
2016-04-03;20520;57.99;42.01
2016-04-04;20530;57.99;42.01
2016-04-06;20540;57.99;42.01
2016-04-07;20550;57.99;42.01
2016-04-08;20560;58.01;41.99
2016-04-09;20570;57.98;42.02
2016-04-11;20580;57.97;42.03
2016-04-18;20590;57.96;42.04
2016-04-19;20600;57.96;42.04
2016-04-19;20610;57.98;42.02
2016-04-21;20620;57.96;42.04
2016-04-24;20630;57.95;42.05
2016-04-26;20640;57.97;42.03
2016-04-28;20650;57.98;42.02
2016-04-29;20660;57.99;42.01
2016-04-29;20670;58.01;41.99
2016-05-01;20680;58.00;42.00
2016-05-02;20690;58.01;41.99
2016-05-11;20700;58.01;41.99
2016-05-15;20710;58.00;42.00
2016-05-17;20720;58.01;41.99
2016-05-19;20730;58.02;41.98
2016-05-23;20740;58.01;41.99
2016-05-29;20750;58.02;41.98
2016-05-30;20760;58.02;41.98
2016-06-01;20770;58.01;41.99
2016-06-06;20780;57.98;42.02
2016-06-15;20790;57.97;42.03
2016-06-21;20800;57.97;42.03
2016-06-22;20810;57.98;42.02
2016-06-28;20820;57.99;42.01
2016-07-01;20830;58.00;42.00
2016-07-20;20840;57.98;42.02
2016-07-23;20850;57.98;42.02
2016-07-31;20860;57.96;42.04
2016-08-03;20870;57.96;42.04
2016-08-04;20880;57.97;42.03
2016-08-08;20890;57.97;42.03
2016-08-09;20900;57.98;42.02
2016-08-11;20910;57.99;42.01
2016-08-15;20920;57.98;42.02
2016-08-17;20930;58.00;42.00
2016-08-20;20940;57.98;42.02
2016-08-21;20950;57.96;42.04
2016-08-26;20960;57.96;42.04
2016-08-28;20970;57.95;42.05
2016-09-03;20980;57.94;42.06
2016-09-06;20990;57.94;42.06
2016-09-07;21000;57.94;42.06
2016-09-12;21010;57.93;42.07
2016-09-16;21020;57.95;42.05
2016-09-19;21030;57.95;42.05
2016-09-21;21040;57.94;42.06
2016-09-30;21050;57.93;42.07
2016-10-06;21060;57.93;42.07
2016-10-10;21070;57.94;42.06
2016-10-16;21080;57.95;42.05
2016-10-18;21090;57.95;42.05
2016-10-18;21100;57.97;42.03
2016-10-24;21110;57.98;42.02
2016-10-27;21120;57.98;42.02
2016-10-31;21130;57.98;42.02
2016-10-31;21140;58.00;42.00
2016-10-31;21150;58.02;41.98
2016-10-31;21160;58.02;41.98
2016-11-01;21170;58.03;41.97
2016-11-03;21180;58.03;41.97
2016-11-06;21190;58.02;41.98
2016-11-08;21200;58.01;41.99
2016-11-11;21210;58.02;41.98
2016-11-13;21220;58.03;41.97
2016-11-16;21230;58.04;41.96
2016-11-17;21240;58.04;41.96
2016-11-24;21250;58.01;41.99
2016-11-24;21260;58.03;41.97
2016-11-25;21270;58.02;41.98
2016-11-26;21280;58.01;41.99
2016-11-28;21290;58.01;41.99
2016-12-02;21300;58.02;41.98
2016-12-16;21310;58.02;41.98
2016-12-17;21320;58.04;41.96
2016-12-18;21330;58.06;41.94
2016-12-19;21340;58.06;41.94
2016-12-21;21350;58.07;41.93
2016-12-24;21360;58.08;41.92
2016-12-26;21370;58.09;41.91
2016-12-29;21380;58.09;41.91
2017-01-07;21390;58.08;41.92
2017-01-12;21400;58.07;41.93
2017-01-13;21410;58.06;41.94
2017-01-14;21420;58.06;41.94
2017-01-17;21430;58.05;41.95
2017-01-20;21440;58.05;41.95
2017-01-27;21450;58.06;41.94
2017-02-01;21460;58.04;41.96
2017-02-07;21470;58.02;41.98
2017-02-09;21480;58.02;41.98
2017-02-15;21490;58.02;41.98
2017-02-19;21500;58.00;42.00
2017-02-22;21510;58.01;41.99
2017-02-23;21520;58.00;42.00
2017-02-25;21530;58.00;42.00
2017-02-27;21540;57.97;42.03
2017-03-04;21550;57.94;42.06
2017-03-06;21560;57.93;42.07
2017-03-07;21570;57.92;42.08
2017-03-08;21580;57.92;42.08
2017-03-11;21590;57.91;42.09
2017-03-12;21600;57.88;42.12
2017-03-16;21610;57.89;42.11
2017-03-21;21620;57.87;42.13
2017-03-22;21630;57.87;42.13
2017-03-27;21640;57.86;42.14
2017-03-29;21650;57.84;42.16
2017-03-30;21660;57.83;42.17
2017-03-31;21670;57.83;42.17
2017-04-04;21680;57.83;42.17
2017-04-05;21690;57.81;42.19
2017-04-07;21700;57.82;42.18
2017-04-11;21710;57.80;42.20
2017-04-16;21720;57.79;42.21
2017-04-19;21730;57.77;42.23
2017-04-22;21740;57.77;42.23
2017-04-25;21750;57.76;42.24
2017-04-26;21760;57.75;42.25
2017-04-29;21770;57.74;42.26
2017-05-01;21780;57.71;42.29
2017-05-01;21790;57.71;42.29
2017-05-01;21800;57.73;42.27
2017-05-03;21810;57.73;42.27
2017-05-04;21820;57.73;42.27
2017-05-06;21830;57.73;42.27
2017-05-08;21840;57.72;42.28
2017-05-09;21850;57.71;42.29
2017-05-12;21860;57.70;42.30
2017-05-15;21870;57.70;42.30
2017-05-18;21880;57.71;42.29
2017-05-21;21890;57.70;42.30
2017-05-24;21900;57.68;42.32
2017-05-29;21910;57.68;42.32
2017-05-31;21920;57.68;42.32
2017-06-01;21930;57.69;42.31
2017-06-02;21940;57.70;42.30
2017-06-04;21950;57.69;42.31
2017-06-05;21960;57.70;42.30
2017-06-08;21970;57.71;42.29
2017-06-13;21980;57.70;42.30
2017-06-14;21990;57.71;42.29
2017-06-15;22000;57.72;42.28
2017-06-16;22010;57.72;42.28
2017-06-17;22020;57.72;42.28
2017-06-19;22030;57.73;42.27
2017-06-21;22040;57.72;42.28
2017-06-24;22050;57.73;42.27
2017-06-28;22060;57.71;42.29
2017-06-30;22070;57.70;42.30
2017-07-04;22080;57.69;42.31
2017-07-05;22090;57.70;42.30
2017-07-06;22100;57.71;42.29
2017-07-07;22110;57.72;42.28
2017-07-10;22120;57.70;42.30
2017-07-14;22130;57.68;42.32
2017-07-27;22140;57.66;42.34
2017-07-30;22150;57.66;42.34
2017-08-02;22160;57.65;42.35
2017-08-04;22170;57.66;42.34
2017-08-05;22180;57.66;42.34
2017-08-09;22190;57.67;42.33
2017-08-10;22200;57.66;42.34
2017-08-11;22210;57.67;42.33
2017-08-12;22220;57.66;42.34
2017-08-13;22230;57.67;42.33
2017-08-15;22240;57.68;42.32
2017-08-16;22250;57.66;42.34
2017-08-17;22260;57.68;42.32
2017-08-19;22270;57.68;42.32
2017-08-23;22280;57.67;42.33
2017-08-27;22290;57.68;42.32
2017-08-28;22300;57.65;42.35
2017-08-28;22310;57.63;42.37
2017-08-28;22320;57.60;42.40
2017-08-29;22330;57.58;42.42
2017-08-31;22340;57.59;42.41
2017-09-02;22350;57.59;42.41
2017-09-03;22360;57.56;42.44
2017-09-04;22370;57.56;42.44
2017-09-05;22380;57.57;42.43
2017-09-05;22390;57.56;42.44
2017-09-07;22400;57.55;42.45
2017-09-10;22410;57.55;42.45
2017-09-12;22420;57.56;42.44
2017-09-15;22430;57.57;42.43
2017-09-18;22440;57.57;42.43
2017-09-22;22450;57.56;42.44
2017-09-24;22460;57.55;42.45
2017-09-30;22470;57.54;42.46
2017-10-03;22480;57.54;42.46
2017-10-04;22490;57.53;42.47
2017-10-06;22500;57.52;42.48
2017-10-08;22510;57.52;42.48
2017-10-09;22520;57.52;42.48
2017-10-12;22530;57.53;42.47
2017-10-15;22540;57.52;42.48
2017-10-19;22550;57.51;42.49
2017-10-23;22560;57.51;42.49
2017-10-26;22570;57.50;42.50
2017-10-28;22580;57.50;42.50
2017-10-30;22590;57.49;42.51
2017-11-01;22600;57.49;42.51
2017-11-05;22610;57.49;42.51
2017-11-09;22620;57.48;42.52
2017-11-10;22630;57.49;42.51
2017-11-14;22640;57.48;42.52
2017-11-21;22650;57.49;42.51
2017-11-24;22660;57.49;42.51
2017-11-27;22670;57.49;42.51
2017-12-01;22680;57.50;42.50
2017-12-03;22690;57.48;42.52
2017-12-05;22700;57.49;42.51
2017-12-07;22710;57.49;42.51
2017-12-09;22720;57.48;42.52
2017-12-11;22730;57.49;42.51
2017-12-12;22740;57.50;42.50
2017-12-22;22750;57.49;42.51
2017-12-30;22760;57.47;42.53
2018-01-09;22770;57.45;42.55
2018-01-14;22780;57.45;42.55
2018-01-18;22790;57.46;42.54
2018-01-23;22800;57.47;42.53
2018-01-25;22810;57.47;42.53
2018-01-26;22820;57.47;42.53
2018-01-30;22830;57.47;42.53
2018-01-30;22840;57.47;42.53
2018-02-05;22850;57.47;42.53
2018-02-08;22860;57.44;42.56
2018-02-13;22870;57.42;42.58
2018-02-15;22880;57.43;42.57
2018-02-16;22890;57.45;42.55
2018-02-20;22900;57.45;42.55
2018-02-23;22910;57.45;42.55
2018-03-03;22920;57.43;42.57
2018-03-08;22930;57.43;42.57
2018-03-12;22940;57.44;42.56
2018-03-12;22950;57.44;42.56
2018-03-16;22960;57.45;42.55
2018-03-18;22970;57.44;42.56
2018-03-20;22980;57.45;42.55
2018-03-24;22990;57.44;42.56
2018-04-04;23000;57.43;42.57
2018-04-06;23010;57.41;42.59
2018-04-09;23020;57.41;42.59
2018-04-15;23030;57.40;42.60
2018-04-17;23040;57.39;42.61
2018-04-20;23050;57.39;42.61
2018-04-23;23060;57.39;42.61
2018-04-25;23070;57.40;42.60
2018-04-29;23080;57.40;42.60
2018-05-02;23090;57.42;42.58
2018-05-04;23100;57.42;42.58
2018-05-10;23110;57.43;42.57
2018-05-14;23120;57.44;42.56
2018-05-15;23130;57.44;42.56
2018-05-18;23140;57.43;42.57
2018-05-21;23150;57.45;42.55
2018-05-24;23160;57.45;42.55
2018-05-28;23170;57.44;42.56
2018-05-29;23180;57.43;42.57
2018-05-31;23190;57.42;42.58
2018-06-02;23200;57.43;42.57
2018-06-11;23210;57.42;42.58
2018-06-14;23220;57.42;42.58
2018-06-15;23230;57.43;42.57
2018-06-22;23240;57.44;42.56
2018-06-27;23250;57.44;42.56
2018-06-30;23260;57.45;42.55
2018-07-06;23270;57.46;42.54
2018-07-09;23280;57.45;42.55
2018-07-11;23290;57.45;42.55
2018-07-14;23300;57.45;42.55
2018-07-22;23310;57.44;42.56
2018-07-28;23320;57.42;42.58
2018-07-30;23330;57.42;42.58
2018-08-02;23340;57.43;42.57
2018-08-08;23350;57.42;42.58
2018-08-09;23360;57.40;42.60
2018-08-11;23370;57.40;42.60
2018-08-15;23380;57.39;42.61
2018-08-18;23390;57.40;42.60
2018-08-21;23400;57.40;42.60
2018-08-23;23410;57.40;42.60
2018-08-27;23420;57.40;42.60
2018-09-02;23430;57.39;42.61
2018-09-05;23440;57.39;42.61
2018-09-06;23450;57.39;42.61
2018-09-07;23460;57.39;42.61
2018-09-09;23470;57.40;42.60
2018-09-12;23480;57.38;42.62
2018-09-13;23490;57.36;42.64
2018-09-16;23500;57.34;42.66
2018-09-19;23510;57.34;42.66
2018-09-21;23520;57.33;42.67
2018-09-23;23530;57.34;42.66
2018-09-25;23540;57.34;42.66
2018-09-29;23550;57.33;42.67
2018-10-02;23560;57.34;42.66
2018-10-04;23570;57.31;42.69
2018-10-05;23580;57.30;42.70
2018-10-07;23590;57.29;42.71
2018-10-08;23600;57.27;42.73
2018-10-09;23610;57.27;42.73
2018-10-13;23620;57.25;42.75
2018-10-19;23630;57.25;42.75
2018-10-25;23640;57.24;42.76
2018-10-26;23650;57.24;42.76
2018-10-27;23660;57.24;42.76
2018-10-29;23670;57.25;42.75
2018-11-01;23680;57.25;42.75
2018-11-03;23690;57.25;42.75
2018-11-05;23700;57.24;42.76
2018-11-07;23710;57.24;42.76
2018-11-09;23720;57.23;42.77
2018-11-17;23730;57.23;42.77
2018-11-20;23740;57.21;42.79
2018-11-23;23750;57.20;42.80
2018-11-29;23760;57.20;42.80
2018-12-05;23770;57.19;42.81
2018-12-07;23780;57.19;42.81
2018-12-11;23790;57.18;42.82
2018-12-12;23800;57.18;42.82
2018-12-14;23810;57.17;42.83
2018-12-20;23820;57.18;42.82
2018-12-23;23830;57.19;42.81
2018-12-27;23840;57.18;42.82
2019-01-02;23850;57.17;42.83
2019-01-07;23860;57.17;42.83
2019-01-10;23870;57.18;42.82
2019-01-13;23880;57.18;42.82
2019-01-15;23890;57.18;42.82
2019-01-19;23900;57.18;42.82
2019-01-28;23910;57.17;42.83
2019-02-04;23920;57.17;42.83
2019-02-07;23930;57.16;42.84
2019-02-11;23940;57.16;42.84
2019-02-12;23950;57.16;42.84
2019-02-12;23960;57.17;42.83
2019-02-14;23970;57.18;42.82
2019-02-14;23980;57.18;42.82
2019-02-16;23990;57.19;42.81
2019-02-19;24000;57.18;42.82
2019-02-22;24010;57.19;42.81
2019-02-25;24020;57.19;42.81
2019-02-27;24030;57.17;42.83
2019-02-28;24040;57.18;42.82
2019-03-01;24050;57.19;42.81
2019-03-03;24060;57.20;42.80
2019-03-07;24070;57.21;42.79
2019-03-12;24080;57.21;42.79
2019-03-15;24090;57.21;42.79
2019-03-22;24100;57.21;42.79
2019-03-27;24110;57.20;42.80
2019-04-02;24120;57.19;42.81
2019-04-06;24130;57.17;42.83
2019-04-08;24140;57.16;42.84
2019-04-10;24150;57.14;42.86
2019-04-11;24160;57.12;42.88
2019-04-11;24170;57.10;42.90
2019-04-13;24180;57.11;42.89
2019-04-15;24190;57.09;42.91
2019-04-16;24200;57.07;42.93
2019-04-22;24210;57.08;42.92
2019-04-29;24220;57.06;42.94
2019-05-01;24230;57.06;42.94
2019-05-05;24240;57.07;42.93
2019-05-09;24250;57.05;42.95
2019-05-11;24260;57.04;42.96
2019-05-13;24270;57.03;42.97
2019-05-13;24280;57.05;42.95
2019-05-15;24290;57.04;42.96
2019-05-16;24300;57.04;42.96
2019-05-20;24310;57.04;42.96
2019-05-21;24320;57.03;42.97
2019-05-22;24330;57.04;42.96
2019-05-23;24340;57.02;42.98
2019-05-23;24350;57.02;42.98
2019-05-28;24360;57.01;42.99
2019-05-29;24370;57.00;43.00
2019-06-02;24380;57.00;43.00
2019-06-05;24390;56.99;43.01
2019-06-10;24400;57.00;43.00
2019-06-11;24410;57.01;42.99
2019-06-15;24420;57.01;42.99
2019-06-18;24430;57.02;42.98
2019-06-20;24440;57.01;42.99
2019-06-24;24450;57.01;42.99
2019-06-25;24460;57.01;42.99
2019-07-06;24470;57.00;43.00
2019-07-11;24480;56.97;43.03
2019-07-16;24490;56.97;43.03
2019-07-17;24500;56.96;43.04
2019-07-20;24510;56.97;43.03
2019-07-25;24520;56.97;43.03
2019-07-30;24530;56.98;43.02
2019-08-01;24540;56.98;43.02
2019-08-03;24550;57.00;43.00
2019-08-04;24560;56.98;43.02
2019-08-06;24570;56.99;43.01
2019-08-06;24580;56.99;43.01
2019-08-07;24590;57.00;43.00
2019-08-09;24600;57.02;42.98
2019-08-12;24610;57.01;42.99
2019-08-13;24620;57.02;42.98
2019-08-14;24630;57.03;42.97
2019-08-15;24640;57.03;42.97
2019-08-20;24650;57.04;42.96
2019-08-20;24660;57.05;42.95
2019-08-25;24670;57.06;42.94
2019-08-27;24680;57.07;42.93
2019-08-29;24690;57.07;42.93
2019-09-03;24700;57.08;42.92
2019-09-09;24710;57.09;42.91
2019-09-11;24720;57.09;42.91
2019-09-13;24730;57.08;42.92
2019-09-16;24740;57.08;42.92
2019-09-19;24750;57.08;42.92
2019-09-20;24760;57.09;42.91
2019-09-20;24770;57.11;42.89
2019-09-21;24780;57.12;42.88
2019-09-22;24790;57.13;42.87
2019-09-23;24800;57.12;42.88
2019-09-25;24810;57.13;42.87
2019-09-26;24820;57.13;42.87
2019-09-27;24830;57.12;42.88
2019-09-30;24840;57.12;42.88
2019-10-02;24850;57.11;42.89
2019-10-04;24860;57.12;42.88
2019-10-09;24870;57.11;42.89
2019-10-10;24880;57.13;42.87
2019-10-13;24890;57.13;42.87
2019-10-18;24900;57.12;42.88
2019-10-23;24910;57.11;42.89
2019-10-29;24920;57.10;42.90
2019-11-05;24930;57.10;42.90
2019-11-08;24940;57.10;42.90
2019-11-11;24950;57.10;42.90
2019-11-16;24960;57.11;42.89
2019-11-20;24970;57.10;42.90
2019-11-24;24980;57.11;42.89
2019-11-28;24990;57.09;42.91
2019-11-29;25000;57.09;42.91
2019-12-03;25010;57.09;42.91
2019-12-04;25020;57.10;42.90
2019-12-09;25030;57.10;42.90
2019-12-10;25040;57.10;42.90
2019-12-12;25050;57.11;42.89
2019-12-13;25060;57.12;42.88
2019-12-16;25070;57.12;42.88
2019-12-18;25080;57.14;42.86
2019-12-19;25090;57.15;42.85
2019-12-26;25100;57.14;42.86
2020-01-03;25110;57.12;42.88
2020-01-06;25120;57.13;42.87
2020-01-09;25130;57.14;42.86
2020-01-11;25140;57.15;42.85
2020-01-13;25150;57.15;42.85
2020-01-16;25160;57.15;42.85
2020-01-21;25170;57.15;42.85
2020-01-24;25180;57.15;42.85
2020-01-28;25190;57.16;42.84
2020-02-02;25200;57.17;42.83
2020-02-04;25210;57.16;42.84
2020-02-05;25220;57.16;42.84
2020-02-09;25230;57.15;42.85
2020-02-13;25240;57.14;42.86
2020-02-18;25250;57.15;42.85
2020-02-21;25260;57.16;42.84
2020-02-23;25270;57.15;42.85
2020-02-26;25280;57.13;42.87
2020-02-26;25290;57.11;42.89
2020-02-27;25300;57.11;42.89
2020-02-29;25310;57.10;42.90
2020-03-01;25320;57.09;42.91
2020-03-02;25330;57.08;42.92
2020-03-02;25340;57.08;42.92
2020-03-03;25350;57.06;42.94
2020-03-04;25360;57.05;42.95
2020-03-05;25366;57.06;42.94
